{
  "23 Get Stock Portfolio Request" : {
    "transaction" : "23 Get Stock Portfolio Request",
    "sampleCount" : 1000,
    "errorCount" : 1000,
    "errorPct" : 100.0,
    "meanResTime" : 130.12299999999973,
    "medianResTime" : 7.0,
    "minResTime" : 2.0,
    "maxResTime" : 1774.0,
    "pct1ResTime" : 504.0999999999998,
    "pct2ResTime" : 771.8499999999998,
    "pct3ResTime" : 1510.92,
    "throughput" : 13.261368307982018,
    "receivedKBytesPerSec" : 4.157128151232644,
    "sentKBytesPerSec" : 5.30870445134404
  },
  "16 Get Stock Prices Request" : {
    "transaction" : "16 Get Stock Prices Request",
    "sampleCount" : 1000,
    "errorCount" : 1000,
    "errorPct" : 100.0,
    "meanResTime" : 439.78400000000016,
    "medianResTime" : 303.5,
    "minResTime" : 3.0,
    "maxResTime" : 1763.0,
    "pct1ResTime" : 1247.9999999999998,
    "pct2ResTime" : 1443.7499999999995,
    "pct3ResTime" : 1601.96,
    "throughput" : 65.74621959237344,
    "receivedKBytesPerSec" : 18.74794543063774,
    "sentKBytesPerSec" : 26.12648185815253
  },
  "14 Register Request" : {
    "transaction" : "14 Register Request",
    "sampleCount" : 1000,
    "errorCount" : 0,
    "errorPct" : 0.0,
    "meanResTime" : 48.992000000000004,
    "medianResTime" : 30.0,
    "minResTime" : 4.0,
    "maxResTime" : 607.0,
    "pct1ResTime" : 104.89999999999998,
    "pct2ResTime" : 142.94999999999993,
    "pct3ResTime" : 312.6800000000003,
    "throughput" : 67.29927989770509,
    "receivedKBytesPerSec" : 18.862200518204457,
    "sentKBytesPerSec" : 18.515911547715188
  },
  "19 Place Stock Order Request" : {
    "transaction" : "19 Place Stock Order Request",
    "sampleCount" : 1000,
    "errorCount" : 552,
    "errorPct" : 55.2,
    "meanResTime" : 26478.57699999998,
    "medianResTime" : 22165.0,
    "minResTime" : 6.0,
    "maxResTime" : 60111.0,
    "pct1ResTime" : 60006.0,
    "pct2ResTime" : 60011.0,
    "pct3ResTime" : 60034.94,
    "throughput" : 13.233289663477443,
    "receivedKBytesPerSec" : 7.486501010692499,
    "sentKBytesPerSec" : 6.805219209443276
  },
  "Total" : {
    "transaction" : "Total",
    "sampleCount" : 10000,
    "errorCount" : 5552,
    "errorPct" : 55.52,
    "meanResTime" : 2853.696600000001,
    "medianResTime" : 48.5,
    "minResTime" : 2.0,
    "maxResTime" : 60111.0,
    "pct1ResTime" : 1316.8999999999996,
    "pct2ResTime" : 22168.59999999999,
    "pct3ResTime" : 60006.0,
    "throughput" : 124.49734198174869,
    "receivedKBytesPerSec" : 47.85182997475817,
    "sentKBytesPerSec" : 48.26813011995319
  },
  "20 Get Stock Transactions Request" : {
    "transaction" : "20 Get Stock Transactions Request",
    "sampleCount" : 1000,
    "errorCount" : 1000,
    "errorPct" : 100.0,
    "meanResTime" : 148.31200000000007,
    "medianResTime" : 9.0,
    "minResTime" : 3.0,
    "maxResTime" : 1796.0,
    "pct1ResTime" : 522.0,
    "pct2ResTime" : 779.8499999999998,
    "pct3ResTime" : 1541.8100000000002,
    "throughput" : 13.239246422093656,
    "receivedKBytesPerSec" : 8.86732144393841,
    "sentKBytesPerSec" : 5.338635617048178
  },
  "17 Add Money Request" : {
    "transaction" : "17 Add Money Request",
    "sampleCount" : 1000,
    "errorCount" : 0,
    "errorPct" : 0.0,
    "meanResTime" : 486.05599999999964,
    "medianResTime" : 374.0,
    "minResTime" : 3.0,
    "maxResTime" : 1809.0,
    "pct1ResTime" : 1270.9,
    "pct2ResTime" : 1472.85,
    "pct3ResTime" : 1668.98,
    "throughput" : 64.30041152263374,
    "receivedKBytesPerSec" : 18.461250964506174,
    "sentKBytesPerSec" : 28.000882623617542
  },
  "18 Get Wallet Balance Request" : {
    "transaction" : "18 Get Wallet Balance Request",
    "sampleCount" : 1000,
    "errorCount" : 0,
    "errorPct" : 0.0,
    "meanResTime" : 453.4559999999996,
    "medianResTime" : 345.0,
    "minResTime" : 3.0,
    "maxResTime" : 1804.0,
    "pct1ResTime" : 1190.3999999999999,
    "pct2ResTime" : 1445.8999999999999,
    "pct3ResTime" : 1654.6600000000003,
    "throughput" : 63.552589768033044,
    "receivedKBytesPerSec" : 19.177490467111536,
    "sentKBytesPerSec" : 25.37889507864633
  },
  "22 Get Wallet Balance Request" : {
    "transaction" : "22 Get Wallet Balance Request",
    "sampleCount" : 1000,
    "errorCount" : 1000,
    "errorPct" : 100.0,
    "meanResTime" : 153.9670000000001,
    "medianResTime" : 8.0,
    "minResTime" : 2.0,
    "maxResTime" : 1762.0,
    "pct1ResTime" : 561.2999999999998,
    "pct2ResTime" : 884.1999999999989,
    "pct3ResTime" : 1531.95,
    "throughput" : 13.247840601981876,
    "receivedKBytesPerSec" : 3.9976394004027345,
    "sentKBytesPerSec" : 5.290351783987336
  },
  "15 Login Request" : {
    "transaction" : "15 Login Request",
    "sampleCount" : 1000,
    "errorCount" : 0,
    "errorPct" : 0.0,
    "meanResTime" : 51.14699999999997,
    "medianResTime" : 34.0,
    "minResTime" : 3.0,
    "maxResTime" : 578.0,
    "pct1ResTime" : 113.0,
    "pct2ResTime" : 156.0,
    "pct3ResTime" : 283.94000000000005,
    "throughput" : 67.88405403570701,
    "receivedKBytesPerSec" : 34.98209823246894,
    "sentKBytesPerSec" : 16.859641232774422
  },
  "21 Get Wallet Transactions Request" : {
    "transaction" : "21 Get Wallet Transactions Request",
    "sampleCount" : 1000,
    "errorCount" : 1000,
    "errorPct" : 100.0,
    "meanResTime" : 146.5519999999998,
    "medianResTime" : 8.0,
    "minResTime" : 2.0,
    "maxResTime" : 1830.0,
    "pct1ResTime" : 520.9,
    "pct2ResTime" : 849.9499999999986,
    "pct3ResTime" : 1544.95,
    "throughput" : 13.244331426149609,
    "receivedKBytesPerSec" : 4.281126662163594,
    "sentKBytesPerSec" : 5.35362002758132
  }
}