{
  "23 Get Stock Portfolio Request" : {
    "transaction" : "23 Get Stock Portfolio Request",
    "sampleCount" : 1000,
    "errorCount" : 0,
    "errorPct" : 0.0,
    "meanResTime" : 34.20500000000005,
    "medianResTime" : 19.0,
    "minResTime" : 2.0,
    "maxResTime" : 299.0,
    "pct1ResTime" : 83.89999999999998,
    "pct2ResTime" : 116.0,
    "pct3ResTime" : 173.99,
    "throughput" : 68.50722751250257,
    "receivedKBytesPerSec" : 25.824013495923822,
    "sentKBytesPerSec" : 27.424366415188054
  },
  "16 Get Stock Prices Request" : {
    "transaction" : "16 Get Stock Prices Request",
    "sampleCount" : 1000,
    "errorCount" : 0,
    "errorPct" : 0.0,
    "meanResTime" : 38.06499999999994,
    "medianResTime" : 23.0,
    "minResTime" : 3.0,
    "maxResTime" : 305.0,
    "pct1ResTime" : 88.89999999999998,
    "pct2ResTime" : 131.8499999999998,
    "pct3ResTime" : 204.0,
    "throughput" : 68.13381481229135,
    "receivedKBytesPerSec" : 31.871188764733937,
    "sentKBytesPerSec" : 27.07527349339102
  },
  "14 Register Request" : {
    "transaction" : "14 Register Request",
    "sampleCount" : 1000,
    "errorCount" : 0,
    "errorPct" : 0.0,
    "meanResTime" : 21.079999999999984,
    "medianResTime" : 15.0,
    "minResTime" : 3.0,
    "maxResTime" : 141.0,
    "pct1ResTime" : 43.0,
    "pct2ResTime" : 56.0,
    "pct3ResTime" : 98.0,
    "throughput" : 67.46272684341902,
    "receivedKBytesPerSec" : 18.90801035552857,
    "sentKBytesPerSec" : 18.560880367503206
  },
  "19 Place Stock Order Request" : {
    "transaction" : "19 Place Stock Order Request",
    "sampleCount" : 1000,
    "errorCount" : 0,
    "errorPct" : 0.0,
    "meanResTime" : 29.90199999999998,
    "medianResTime" : 21.0,
    "minResTime" : 4.0,
    "maxResTime" : 224.0,
    "pct1ResTime" : 64.89999999999998,
    "pct2ResTime" : 79.0,
    "pct3ResTime" : 139.99,
    "throughput" : 68.39477463921756,
    "receivedKBytesPerSec" : 56.834521514431295,
    "sentKBytesPerSec" : 36.26265570497914
  },
  "Total" : {
    "transaction" : "Total",
    "sampleCount" : 10000,
    "errorCount" : 4,
    "errorPct" : 0.04,
    "meanResTime" : 29.09230000000027,
    "medianResTime" : 17.0,
    "minResTime" : 2.0,
    "maxResTime" : 314.0,
    "pct1ResTime" : 67.0,
    "pct2ResTime" : 94.0,
    "pct3ResTime" : 167.98999999999978,
    "throughput" : 515.8893933140735,
    "receivedKBytesPerSec" : 241.59316922139394,
    "sentKBytesPerSec" : 200.83508587946244
  },
  "20 Get Stock Transactions Request" : {
    "transaction" : "20 Get Stock Transactions Request",
    "sampleCount" : 1000,
    "errorCount" : 2,
    "errorPct" : 0.2,
    "meanResTime" : 29.148000000000017,
    "medianResTime" : 16.0,
    "minResTime" : 2.0,
    "maxResTime" : 289.0,
    "pct1ResTime" : 72.0,
    "pct2ResTime" : 88.89999999999986,
    "pct3ResTime" : 180.98000000000002,
    "throughput" : 68.45095489082073,
    "receivedKBytesPerSec" : 59.01388110496954,
    "sentKBytesPerSec" : 27.60237963327401
  },
  "17 Add Money Request" : {
    "transaction" : "17 Add Money Request",
    "sampleCount" : 1000,
    "errorCount" : 0,
    "errorPct" : 0.0,
    "meanResTime" : 33.15000000000004,
    "medianResTime" : 20.0,
    "minResTime" : 3.0,
    "maxResTime" : 284.0,
    "pct1ResTime" : 76.89999999999998,
    "pct2ResTime" : 106.0,
    "pct3ResTime" : 182.0,
    "throughput" : 68.2407533779173,
    "receivedKBytesPerSec" : 19.59256005186297,
    "sentKBytesPerSec" : 29.716782213900643
  },
  "18 Get Wallet Balance Request" : {
    "transaction" : "18 Get Wallet Balance Request",
    "sampleCount" : 1000,
    "errorCount" : 0,
    "errorPct" : 0.0,
    "meanResTime" : 29.150999999999968,
    "medianResTime" : 17.0,
    "minResTime" : 2.0,
    "maxResTime" : 314.0,
    "pct1ResTime" : 67.89999999999998,
    "pct2ResTime" : 93.94999999999993,
    "pct3ResTime" : 178.0,
    "throughput" : 68.35737234260715,
    "receivedKBytesPerSec" : 20.627371146353134,
    "sentKBytesPerSec" : 27.29762212471803
  },
  "22 Get Wallet Balance Request" : {
    "transaction" : "22 Get Wallet Balance Request",
    "sampleCount" : 1000,
    "errorCount" : 0,
    "errorPct" : 0.0,
    "meanResTime" : 27.279000000000007,
    "medianResTime" : 14.0,
    "minResTime" : 2.0,
    "maxResTime" : 299.0,
    "pct1ResTime" : 68.89999999999998,
    "pct2ResTime" : 91.94999999999993,
    "pct3ResTime" : 167.98000000000002,
    "throughput" : 68.45095489082073,
    "receivedKBytesPerSec" : 20.58876377575467,
    "sentKBytesPerSec" : 27.33499309073174
  },
  "15 Login Request" : {
    "transaction" : "15 Login Request",
    "sampleCount" : 1000,
    "errorCount" : 0,
    "errorPct" : 0.0,
    "meanResTime" : 20.027000000000008,
    "medianResTime" : 15.0,
    "minResTime" : 3.0,
    "maxResTime" : 156.0,
    "pct1ResTime" : 39.0,
    "pct2ResTime" : 51.94999999999993,
    "pct3ResTime" : 84.0,
    "throughput" : 68.11989100817439,
    "receivedKBytesPerSec" : 35.10363004512943,
    "sentKBytesPerSec" : 16.918213555858312
  },
  "21 Get Wallet Transactions Request" : {
    "transaction" : "21 Get Wallet Transactions Request",
    "sampleCount" : 1000,
    "errorCount" : 2,
    "errorPct" : 0.2,
    "meanResTime" : 28.915999999999976,
    "medianResTime" : 16.0,
    "minResTime" : 2.0,
    "maxResTime" : 291.0,
    "pct1ResTime" : 68.0,
    "pct2ResTime" : 98.0,
    "pct3ResTime" : 183.91000000000008,
    "throughput" : 68.44626967830253,
    "receivedKBytesPerSec" : 31.48261036960986,
    "sentKBytesPerSec" : 27.667332413586585
  }
}