2025-03-28 17:15:45,456 INFO o.a.j.u.JMeterUtils: Setting Locale to en_EN
2025-03-28 17:15:45,474 INFO o.a.j.JMeter: Loading user properties from: /opt/apache-jmeter-5.6.3/bin/user.properties
2025-03-28 17:15:45,474 INFO o.a.j.JMeter: Loading system properties from: /opt/apache-jmeter-5.6.3/bin/system.properties
2025-03-28 17:15:45,479 INFO o.a.j.JMeter: Copyright (c) 1998-2024 The Apache Software Foundation
2025-03-28 17:15:45,479 INFO o.a.j.JMeter: Version 5.6.3
2025-03-28 17:15:45,480 INFO o.a.j.JMeter: java.version=21.0.6
2025-03-28 17:15:45,480 INFO o.a.j.JMeter: java.vm.name=OpenJDK 64-Bit Server VM
2025-03-28 17:15:45,480 INFO o.a.j.JMeter: os.name=Linux
2025-03-28 17:15:45,480 INFO o.a.j.JMeter: os.arch=amd64
2025-03-28 17:15:45,480 INFO o.a.j.JMeter: os.version=6.8.0-56-generic
2025-03-28 17:15:45,480 INFO o.a.j.JMeter: file.encoding=UTF-8
2025-03-28 17:15:45,480 INFO o.a.j.JMeter: java.awt.headless=true
2025-03-28 17:15:45,480 INFO o.a.j.JMeter: Max memory     =3221225472
2025-03-28 17:15:45,480 INFO o.a.j.JMeter: Available Processors =8
2025-03-28 17:15:45,491 INFO o.a.j.JMeter: Default Locale=English (EN)
2025-03-28 17:15:45,491 INFO o.a.j.JMeter: JMeter  Locale=English (EN)
2025-03-28 17:15:45,491 INFO o.a.j.JMeter: JMeterHome=/opt/apache-jmeter-5.6.3
2025-03-28 17:15:45,491 INFO o.a.j.JMeter: user.dir  =/home/vthieu/SENG468_Project/TestRun3
2025-03-28 17:15:45,491 INFO o.a.j.JMeter: PWD       =/home/vthieu/SENG468_Project/TestRun3
2025-03-28 17:15:45,494 INFO o.a.j.JMeter: IP: 192.168.169.90 Name: seng468-group9 FullName: seng468-group9.rcs.uvic.ca
2025-03-28 17:15:45,510 INFO o.a.j.JMeter: Setting property 'jmeter.reportgenerator.outputdir' to:'/home/vthieu/SENG468_Project/TestRun3/./1k_results'
2025-03-28 17:15:45,513 INFO o.a.j.s.FileServer: Default base='/home/vthieu/SENG468_Project/TestRun3'
2025-03-28 17:15:45,531 INFO o.a.j.s.FileServer: Set new base='/home/vthieu/SENG468_Project/TestRun3/.'
2025-03-28 17:15:45,754 INFO o.a.j.s.SaveService: Testplan (JMX) version: 2.2. Testlog (JTL) version: 2.2
2025-03-28 17:15:45,784 INFO o.a.j.s.SaveService: Using SaveService properties version 5.0
2025-03-28 17:15:45,787 INFO o.a.j.s.SaveService: Using SaveService properties file encoding UTF-8
2025-03-28 17:15:45,791 INFO o.a.j.s.SaveService: Loading file: ./test1k.jmx
2025-03-28 17:15:45,882 INFO o.a.j.p.h.s.HTTPSamplerBase: Parser for text/html is org.apache.jmeter.protocol.http.parser.LagartoBasedHtmlParser
2025-03-28 17:15:45,882 INFO o.a.j.p.h.s.HTTPSamplerBase: Parser for application/xhtml+xml is org.apache.jmeter.protocol.http.parser.LagartoBasedHtmlParser
2025-03-28 17:15:45,882 INFO o.a.j.p.h.s.HTTPSamplerBase: Parser for application/xml is org.apache.jmeter.protocol.http.parser.LagartoBasedHtmlParser
2025-03-28 17:15:45,882 INFO o.a.j.p.h.s.HTTPSamplerBase: Parser for text/xml is org.apache.jmeter.protocol.http.parser.LagartoBasedHtmlParser
2025-03-28 17:15:45,882 INFO o.a.j.p.h.s.HTTPSamplerBase: Parser for text/vnd.wap.wml is org.apache.jmeter.protocol.http.parser.RegexpHTMLParser
2025-03-28 17:15:45,882 INFO o.a.j.p.h.s.HTTPSamplerBase: Parser for text/css is org.apache.jmeter.protocol.http.parser.CssParser
2025-03-28 17:15:46,019 INFO o.a.j.JMeter: Creating summariser <summary>
2025-03-28 17:15:46,039 INFO o.a.j.r.d.ReportGenerator: ReportGenerator will use for Parsing the separator: ','
2025-03-28 17:15:46,040 INFO o.a.j.r.d.ReportGenerator: Will generate report at end of test from  results file: 1k_result.log
2025-03-28 17:15:46,040 INFO o.a.j.r.d.ReportGenerator: Reading report generator properties from: /opt/apache-jmeter-5.6.3/bin/reportgenerator.properties
2025-03-28 17:15:46,051 INFO o.a.j.r.d.ReportGenerator: Merging with JMeter properties
2025-03-28 17:15:46,092 INFO o.a.j.r.c.ReportGeneratorConfiguration: Property 'jmeter.reportgenerator.temp_dir' not found, using default value 'temp' instead.
2025-03-28 17:15:46,098 INFO o.a.j.r.c.ReportGeneratorConfiguration: Property 'jmeter.reportgenerator.apdex_per_transaction' not found, using default value 'null' instead.
2025-03-28 17:15:46,099 INFO o.a.j.r.c.ReportGeneratorConfiguration: apdex_per_transaction is empty, not APDEX per transaction customization
2025-03-28 17:15:46,099 INFO o.a.j.r.c.ReportGeneratorConfiguration: Property 'jmeter.reportgenerator.sample_filter' not found, using default value 'null' instead.
2025-03-28 17:15:46,099 INFO o.a.j.r.c.ReportGeneratorConfiguration: Property 'jmeter.reportgenerator.report_title' not found, using default value 'null' instead.
2025-03-28 17:15:46,099 INFO o.a.j.r.c.ReportGeneratorConfiguration: Property 'jmeter.reportgenerator.start_date' not found, using default value 'null' instead.
2025-03-28 17:15:46,099 INFO o.a.j.r.c.ReportGeneratorConfiguration: Property 'jmeter.reportgenerator.end_date' not found, using default value 'null' instead.
2025-03-28 17:15:46,099 INFO o.a.j.r.c.ReportGeneratorConfiguration: Property 'jmeter.reportgenerator.date_format' not found, using default value 'null' instead.
2025-03-28 17:15:46,100 INFO o.a.j.r.c.ReportGeneratorConfiguration: Will use date range start date: null, end date: null
2025-03-28 17:15:46,149 INFO o.a.j.r.c.ReportGeneratorConfiguration: Property 'jmeter.reportgenerator.graph.totalTPS.exclude_controllers' not found, using default value 'false' instead.
2025-03-28 17:15:46,150 INFO o.a.j.r.c.ReportGeneratorConfiguration: Property 'jmeter.reportgenerator.graph.activeThreadsOverTime.exclude_controllers' not found, using default value 'false' instead.
2025-03-28 17:15:46,150 INFO o.a.j.r.c.ReportGeneratorConfiguration: Property 'jmeter.reportgenerator.graph.timeVsThreads.exclude_controllers' not found, using default value 'false' instead.
2025-03-28 17:15:46,150 INFO o.a.j.r.c.ReportGeneratorConfiguration: Property 'jmeter.reportgenerator.graph.responseTimeDistribution.exclude_controllers' not found, using default value 'false' instead.
2025-03-28 17:15:46,150 INFO o.a.j.r.c.ReportGeneratorConfiguration: Property 'jmeter.reportgenerator.graph.transactionsPerSecond.exclude_controllers' not found, using default value 'false' instead.
2025-03-28 17:15:46,151 INFO o.a.j.r.c.ReportGeneratorConfiguration: Property 'jmeter.reportgenerator.graph.responseTimePercentiles.exclude_controllers' not found, using default value 'false' instead.
2025-03-28 17:15:46,151 INFO o.a.j.r.c.ReportGeneratorConfiguration: Property 'jmeter.reportgenerator.graph.responseTimePercentilesOverTime.exclude_controllers' not found, using default value 'false' instead.
2025-03-28 17:15:46,151 INFO o.a.j.r.c.ReportGeneratorConfiguration: Property 'jmeter.reportgenerator.graph.responseTimesOverTime.exclude_controllers' not found, using default value 'false' instead.
2025-03-28 17:15:46,152 INFO o.a.j.r.c.ReportGeneratorConfiguration: Property 'jmeter.reportgenerator.graph.connectTimeOverTime.exclude_controllers' not found, using default value 'false' instead.
2025-03-28 17:15:46,152 INFO o.a.j.r.c.ReportGeneratorConfiguration: Property 'jmeter.reportgenerator.graph.latenciesOverTime.exclude_controllers' not found, using default value 'false' instead.
2025-03-28 17:15:46,153 INFO o.a.j.r.c.ReportGeneratorConfiguration: Property 'jmeter.reportgenerator.exporter.json.filters_only_sample_series' not found, using default value 'true' instead.
2025-03-28 17:15:46,154 INFO o.a.j.r.c.ReportGeneratorConfiguration: Property 'jmeter.reportgenerator.exporter.json.series_filter' not found, using default value '' instead.
2025-03-28 17:15:46,154 INFO o.a.j.r.c.ReportGeneratorConfiguration: Property 'jmeter.reportgenerator.exporter.json.show_controllers_only' not found, using default value 'false' instead.
2025-03-28 17:15:46,155 INFO o.a.j.r.c.ReportGeneratorConfiguration: Property 'jmeter.reportgenerator.exporter.html.filters_only_sample_series' not found, using default value 'true' instead.
2025-03-28 17:15:46,155 INFO o.a.j.r.c.ReportGeneratorConfiguration: Property 'jmeter.reportgenerator.exporter.html.series_filter' not found, using default value '' instead.
2025-03-28 17:15:46,155 INFO o.a.j.r.c.ReportGeneratorConfiguration: Property 'jmeter.reportgenerator.exporter.html.show_controllers_only' not found, using default value 'false' instead.
2025-03-28 17:15:46,171 INFO o.a.j.e.StandardJMeterEngine: Running the test!
2025-03-28 17:15:46,174 INFO o.a.j.s.SampleEvent: List of sample_variables: []
2025-03-28 17:15:46,174 INFO o.a.j.s.SampleEvent: List of sample_variables: []
2025-03-28 17:15:46,183 INFO o.a.j.e.u.CompoundVariable: Note: Function class names must contain the string: '.functions.'
2025-03-28 17:15:46,184 INFO o.a.j.e.u.CompoundVariable: Note: Function class names must not contain the string: '.gui.'
2025-03-28 17:15:46,326 INFO o.a.j.JMeter: Running test (1743207346326)
2025-03-28 17:15:46,364 INFO o.a.j.e.StandardJMeterEngine: Starting ThreadGroup: 1 : User Thread Group
2025-03-28 17:15:46,365 INFO o.a.j.e.StandardJMeterEngine: Starting 1000 threads for group User Thread Group.
2025-03-28 17:15:46,365 INFO o.a.j.e.StandardJMeterEngine: Thread will continue on error
2025-03-28 17:15:46,365 INFO o.a.j.t.ThreadGroup: Starting thread group... number=1 threads=1000 ramp-up=45 delayedStart=false
2025-03-28 17:15:47,366 INFO o.a.j.t.JMeterThread: Thread started: User Thread Group 1-1
2025-03-28 17:15:47,371 INFO o.a.j.s.FileServer: Stored: /home/vthieu/SENG468_Project/TestRun3/UserFiles/UserCreds_1000.csv
2025-03-28 17:15:47,374 INFO o.a.j.t.ThreadGroup: Started thread group number 1
2025-03-28 17:15:47,374 INFO o.a.j.e.StandardJMeterEngine: All thread groups have been started
2025-03-28 17:15:47,410 INFO o.a.j.t.JMeterThread: Thread started: User Thread Group 1-2
2025-03-28 17:15:47,434 INFO o.a.j.s.FileServer: Stored: /home/vthieu/SENG468_Project/TestRun3/Config/stockIds.csv
2025-03-28 17:15:47,457 INFO o.a.j.t.JMeterThread: Thread started: User Thread Group 1-3
2025-03-28 17:15:47,501 INFO o.a.j.t.JMeterThread: Thread started: User Thread Group 1-4
2025-03-28 17:15:47,546 INFO o.a.j.t.JMeterThread: Thread started: User Thread Group 1-5
2025-03-28 17:15:47,590 INFO o.a.j.t.JMeterThread: Thread started: User Thread Group 1-6
2025-03-28 17:15:47,635 INFO o.a.j.t.JMeterThread: Thread started: User Thread Group 1-7
2025-03-28 17:15:47,680 INFO o.a.j.t.JMeterThread: Thread started: User Thread Group 1-8
2025-03-28 17:15:47,726 INFO o.a.j.t.JMeterThread: Thread started: User Thread Group 1-9
2025-03-28 17:15:47,770 INFO o.a.j.t.JMeterThread: Thread started: User Thread Group 1-10
2025-03-28 17:15:47,815 INFO o.a.j.t.JMeterThread: Thread started: User Thread Group 1-11
2025-03-28 17:15:47,860 INFO o.a.j.t.JMeterThread: Thread started: User Thread Group 1-12
2025-03-28 17:15:47,906 INFO o.a.j.t.JMeterThread: Thread started: User Thread Group 1-13
2025-03-28 17:15:47,951 INFO o.a.j.t.JMeterThread: Thread started: User Thread Group 1-14
2025-03-28 17:15:47,971 INFO o.a.j.p.h.s.HTTPHCAbstractImpl: Local host = seng468-group9
2025-03-28 17:15:47,981 INFO o.a.j.p.h.s.HTTPHC4Impl: HTTP request retry count = 0
2025-03-28 17:15:47,983 INFO o.a.j.s.SampleResult: Note: Sample TimeStamps are START times
2025-03-28 17:15:47,983 INFO o.a.j.s.SampleResult: sampleresult.default.encoding is set to UTF-8
2025-03-28 17:15:47,983 INFO o.a.j.s.SampleResult: sampleresult.useNanoTime=true
2025-03-28 17:15:47,983 INFO o.a.j.s.SampleResult: sampleresult.nanoThreadSleep=5000
2025-03-28 17:15:47,995 INFO o.a.j.t.JMeterThread: Thread started: User Thread Group 1-15
2025-03-28 17:15:48,040 INFO o.a.j.t.JMeterThread: Thread started: User Thread Group 1-16
2025-03-28 17:15:48,086 INFO o.a.j.t.JMeterThread: Thread started: User Thread Group 1-17
2025-03-28 17:15:48,132 INFO o.a.j.t.JMeterThread: Thread started: User Thread Group 1-18
2025-03-28 17:15:48,176 INFO o.a.j.t.JMeterThread: Thread started: User Thread Group 1-19
2025-03-28 17:15:48,221 INFO o.a.j.t.JMeterThread: Thread started: User Thread Group 1-20
2025-03-28 17:15:48,266 INFO o.a.j.t.JMeterThread: Thread started: User Thread Group 1-21
2025-03-28 17:15:48,311 INFO o.a.j.t.JMeterThread: Thread started: User Thread Group 1-22
2025-03-28 17:15:48,359 INFO o.a.j.t.JMeterThread: Thread started: User Thread Group 1-23
2025-03-28 17:15:48,400 INFO o.a.j.t.JMeterThread: Thread started: User Thread Group 1-24
2025-03-28 17:15:48,446 INFO o.a.j.t.JMeterThread: Thread started: User Thread Group 1-25
2025-03-28 17:15:48,490 INFO o.a.j.t.JMeterThread: Thread started: User Thread Group 1-26
2025-03-28 17:15:48,537 INFO o.a.j.t.JMeterThread: Thread started: User Thread Group 1-27
2025-03-28 17:15:48,580 INFO o.a.j.t.JMeterThread: Thread started: User Thread Group 1-28
2025-03-28 17:15:48,625 INFO o.a.j.t.JMeterThread: Thread started: User Thread Group 1-29
2025-03-28 17:15:48,670 INFO o.a.j.t.JMeterThread: Thread started: User Thread Group 1-30
2025-03-28 17:15:48,715 INFO o.a.j.t.JMeterThread: Thread started: User Thread Group 1-31
2025-03-28 17:15:48,761 INFO o.a.j.t.JMeterThread: Thread started: User Thread Group 1-32
2025-03-28 17:15:48,806 INFO o.a.j.t.JMeterThread: Thread started: User Thread Group 1-33
2025-03-28 17:15:48,850 INFO o.a.j.t.JMeterThread: Thread started: User Thread Group 1-34
2025-03-28 17:15:48,895 INFO o.a.j.t.JMeterThread: Thread started: User Thread Group 1-35
2025-03-28 17:15:48,940 INFO o.a.j.t.JMeterThread: Thread started: User Thread Group 1-36
2025-03-28 17:15:48,985 INFO o.a.j.t.JMeterThread: Thread started: User Thread Group 1-37
2025-03-28 17:15:49,030 INFO o.a.j.t.JMeterThread: Thread started: User Thread Group 1-38
2025-03-28 17:15:49,076 INFO o.a.j.t.JMeterThread: Thread started: User Thread Group 1-39
2025-03-28 17:15:49,121 INFO o.a.j.t.JMeterThread: Thread started: User Thread Group 1-40
2025-03-28 17:15:49,166 INFO o.a.j.t.JMeterThread: Thread started: User Thread Group 1-41
2025-03-28 17:15:49,210 INFO o.a.j.t.JMeterThread: Thread started: User Thread Group 1-42
2025-03-28 17:15:49,256 INFO o.a.j.t.JMeterThread: Thread started: User Thread Group 1-43
2025-03-28 17:15:49,301 INFO o.a.j.t.JMeterThread: Thread started: User Thread Group 1-44
2025-03-28 17:15:49,345 INFO o.a.j.t.JMeterThread: Thread started: User Thread Group 1-45
2025-03-28 17:15:49,391 INFO o.a.j.t.JMeterThread: Thread started: User Thread Group 1-46
2025-03-28 17:15:49,436 INFO o.a.j.t.JMeterThread: Thread started: User Thread Group 1-47
2025-03-28 17:15:49,481 INFO o.a.j.t.JMeterThread: Thread started: User Thread Group 1-48
2025-03-28 17:15:49,525 INFO o.a.j.t.JMeterThread: Thread started: User Thread Group 1-49
2025-03-28 17:15:49,570 INFO o.a.j.t.JMeterThread: Thread started: User Thread Group 1-50
2025-03-28 17:15:49,616 INFO o.a.j.t.JMeterThread: Thread started: User Thread Group 1-51
2025-03-28 17:15:49,661 INFO o.a.j.t.JMeterThread: Thread started: User Thread Group 1-52
2025-03-28 17:15:49,705 INFO o.a.j.t.JMeterThread: Thread started: User Thread Group 1-53
2025-03-28 17:15:49,751 INFO o.a.j.t.JMeterThread: Thread started: User Thread Group 1-54
2025-03-28 17:15:49,796 INFO o.a.j.t.JMeterThread: Thread started: User Thread Group 1-55
2025-03-28 17:15:49,841 INFO o.a.j.t.JMeterThread: Thread started: User Thread Group 1-56
2025-03-28 17:15:49,885 INFO o.a.j.t.JMeterThread: Thread started: User Thread Group 1-57
2025-03-28 17:15:49,930 INFO o.a.j.t.JMeterThread: Thread started: User Thread Group 1-58
2025-03-28 17:15:49,975 INFO o.a.j.t.JMeterThread: Thread started: User Thread Group 1-59
2025-03-28 17:15:50,022 INFO o.a.j.t.JMeterThread: Thread started: User Thread Group 1-60
2025-03-28 17:15:50,066 INFO o.a.j.t.JMeterThread: Thread started: User Thread Group 1-61
2025-03-28 17:15:50,112 INFO o.a.j.t.JMeterThread: Thread started: User Thread Group 1-62
2025-03-28 17:15:50,156 INFO o.a.j.t.JMeterThread: Thread started: User Thread Group 1-63
2025-03-28 17:15:50,201 INFO o.a.j.t.JMeterThread: Thread started: User Thread Group 1-64
2025-03-28 17:15:50,246 INFO o.a.j.t.JMeterThread: Thread started: User Thread Group 1-65
2025-03-28 17:15:50,290 INFO o.a.j.t.JMeterThread: Thread started: User Thread Group 1-66
2025-03-28 17:15:50,335 INFO o.a.j.t.JMeterThread: Thread started: User Thread Group 1-67
2025-03-28 17:15:50,380 INFO o.a.j.t.JMeterThread: Thread started: User Thread Group 1-68
2025-03-28 17:15:50,425 INFO o.a.j.t.JMeterThread: Thread started: User Thread Group 1-69
2025-03-28 17:15:50,470 INFO o.a.j.t.JMeterThread: Thread started: User Thread Group 1-70
2025-03-28 17:15:50,516 INFO o.a.j.t.JMeterThread: Thread started: User Thread Group 1-71
2025-03-28 17:15:50,560 INFO o.a.j.t.JMeterThread: Thread started: User Thread Group 1-72
2025-03-28 17:15:50,607 INFO o.a.j.t.JMeterThread: Thread started: User Thread Group 1-73
2025-03-28 17:15:50,650 INFO o.a.j.t.JMeterThread: Thread started: User Thread Group 1-74
2025-03-28 17:15:50,696 INFO o.a.j.t.JMeterThread: Thread started: User Thread Group 1-75
2025-03-28 17:15:50,740 INFO o.a.j.t.JMeterThread: Thread started: User Thread Group 1-76
2025-03-28 17:15:50,785 INFO o.a.j.t.JMeterThread: Thread started: User Thread Group 1-77
2025-03-28 17:15:50,831 INFO o.a.j.t.JMeterThread: Thread started: User Thread Group 1-78
2025-03-28 17:15:50,876 INFO o.a.j.t.JMeterThread: Thread started: User Thread Group 1-79
2025-03-28 17:15:50,920 INFO o.a.j.t.JMeterThread: Thread started: User Thread Group 1-80
2025-03-28 17:15:50,966 INFO o.a.j.t.JMeterThread: Thread started: User Thread Group 1-81
2025-03-28 17:15:51,010 INFO o.a.j.t.JMeterThread: Thread started: User Thread Group 1-82
2025-03-28 17:15:51,057 INFO o.a.j.t.JMeterThread: Thread started: User Thread Group 1-83
2025-03-28 17:15:51,101 INFO o.a.j.t.JMeterThread: Thread started: User Thread Group 1-84
2025-03-28 17:15:51,145 INFO o.a.j.t.JMeterThread: Thread started: User Thread Group 1-85
2025-03-28 17:15:51,190 INFO o.a.j.t.JMeterThread: Thread started: User Thread Group 1-86
2025-03-28 17:15:51,235 INFO o.a.j.t.JMeterThread: Thread started: User Thread Group 1-87
2025-03-28 17:15:51,280 INFO o.a.j.t.JMeterThread: Thread started: User Thread Group 1-88
2025-03-28 17:15:51,325 INFO o.a.j.t.JMeterThread: Thread started: User Thread Group 1-89
2025-03-28 17:15:51,370 INFO o.a.j.t.JMeterThread: Thread started: User Thread Group 1-90
2025-03-28 17:15:51,415 INFO o.a.j.t.JMeterThread: Thread started: User Thread Group 1-91
2025-03-28 17:15:51,460 INFO o.a.j.t.JMeterThread: Thread started: User Thread Group 1-92
2025-03-28 17:15:51,506 INFO o.a.j.t.JMeterThread: Thread started: User Thread Group 1-93
2025-03-28 17:15:51,550 INFO o.a.j.t.JMeterThread: Thread started: User Thread Group 1-94
2025-03-28 17:15:51,595 INFO o.a.j.t.JMeterThread: Thread started: User Thread Group 1-95
2025-03-28 17:15:51,640 INFO o.a.j.t.JMeterThread: Thread started: User Thread Group 1-96
2025-03-28 17:15:51,685 INFO o.a.j.t.JMeterThread: Thread started: User Thread Group 1-97
2025-03-28 17:15:51,731 INFO o.a.j.t.JMeterThread: Thread started: User Thread Group 1-98
2025-03-28 17:15:51,777 INFO o.a.j.t.JMeterThread: Thread started: User Thread Group 1-99
2025-03-28 17:15:51,820 INFO o.a.j.t.JMeterThread: Thread started: User Thread Group 1-100
2025-03-28 17:15:51,865 INFO o.a.j.t.JMeterThread: Thread started: User Thread Group 1-101
2025-03-28 17:15:51,910 INFO o.a.j.t.JMeterThread: Thread started: User Thread Group 1-102
2025-03-28 17:15:51,955 INFO o.a.j.t.JMeterThread: Thread started: User Thread Group 1-103
2025-03-28 17:15:52,001 INFO o.a.j.t.JMeterThread: Thread started: User Thread Group 1-104
2025-03-28 17:15:52,046 INFO o.a.j.t.JMeterThread: Thread started: User Thread Group 1-105
2025-03-28 17:15:52,091 INFO o.a.j.t.JMeterThread: Thread started: User Thread Group 1-106
2025-03-28 17:15:52,135 INFO o.a.j.t.JMeterThread: Thread started: User Thread Group 1-107
2025-03-28 17:15:52,180 INFO o.a.j.t.JMeterThread: Thread started: User Thread Group 1-108
2025-03-28 17:15:52,225 INFO o.a.j.t.JMeterThread: Thread started: User Thread Group 1-109
2025-03-28 17:15:52,271 INFO o.a.j.t.JMeterThread: Thread started: User Thread Group 1-110
2025-03-28 17:15:52,315 INFO o.a.j.t.JMeterThread: Thread started: User Thread Group 1-111
2025-03-28 17:15:52,360 INFO o.a.j.t.JMeterThread: Thread started: User Thread Group 1-112
2025-03-28 17:15:52,405 INFO o.a.j.t.JMeterThread: Thread started: User Thread Group 1-113
2025-03-28 17:15:52,451 INFO o.a.j.t.JMeterThread: Thread started: User Thread Group 1-114
2025-03-28 17:15:52,495 INFO o.a.j.t.JMeterThread: Thread started: User Thread Group 1-115
2025-03-28 17:15:52,540 INFO o.a.j.t.JMeterThread: Thread started: User Thread Group 1-116
2025-03-28 17:15:52,586 INFO o.a.j.t.JMeterThread: Thread started: User Thread Group 1-117
2025-03-28 17:15:52,630 INFO o.a.j.t.JMeterThread: Thread started: User Thread Group 1-118
2025-03-28 17:15:52,675 INFO o.a.j.t.JMeterThread: Thread started: User Thread Group 1-119
2025-03-28 17:15:52,720 INFO o.a.j.t.JMeterThread: Thread started: User Thread Group 1-120
2025-03-28 17:15:52,765 INFO o.a.j.t.JMeterThread: Thread started: User Thread Group 1-121
2025-03-28 17:15:52,810 INFO o.a.j.t.JMeterThread: Thread started: User Thread Group 1-122
2025-03-28 17:15:52,856 INFO o.a.j.t.JMeterThread: Thread started: User Thread Group 1-123
2025-03-28 17:15:52,901 INFO o.a.j.t.JMeterThread: Thread started: User Thread Group 1-124
2025-03-28 17:15:52,945 INFO o.a.j.t.JMeterThread: Thread started: User Thread Group 1-125
2025-03-28 17:15:52,990 INFO o.a.j.t.JMeterThread: Thread started: User Thread Group 1-126
2025-03-28 17:15:53,035 INFO o.a.j.t.JMeterThread: Thread started: User Thread Group 1-127
2025-03-28 17:15:53,080 INFO o.a.j.t.JMeterThread: Thread started: User Thread Group 1-128
2025-03-28 17:15:53,126 INFO o.a.j.t.JMeterThread: Thread started: User Thread Group 1-129
2025-03-28 17:15:53,170 INFO o.a.j.t.JMeterThread: Thread started: User Thread Group 1-130
2025-03-28 17:15:53,215 INFO o.a.j.t.JMeterThread: Thread started: User Thread Group 1-131
2025-03-28 17:15:53,262 INFO o.a.j.t.JMeterThread: Thread started: User Thread Group 1-132
2025-03-28 17:15:53,306 INFO o.a.j.t.JMeterThread: Thread started: User Thread Group 1-133
2025-03-28 17:15:53,350 INFO o.a.j.t.JMeterThread: Thread started: User Thread Group 1-134
2025-03-28 17:15:53,396 INFO o.a.j.t.JMeterThread: Thread started: User Thread Group 1-135
2025-03-28 17:15:53,441 INFO o.a.j.t.JMeterThread: Thread started: User Thread Group 1-136
2025-03-28 17:15:53,486 INFO o.a.j.t.JMeterThread: Thread started: User Thread Group 1-137
2025-03-28 17:15:53,530 INFO o.a.j.t.JMeterThread: Thread started: User Thread Group 1-138
2025-03-28 17:15:53,576 INFO o.a.j.t.JMeterThread: Thread started: User Thread Group 1-139
2025-03-28 17:15:53,620 INFO o.a.j.t.JMeterThread: Thread started: User Thread Group 1-140
2025-03-28 17:15:53,666 INFO o.a.j.t.JMeterThread: Thread started: User Thread Group 1-141
2025-03-28 17:15:53,710 INFO o.a.j.t.JMeterThread: Thread started: User Thread Group 1-142
2025-03-28 17:15:53,755 INFO o.a.j.t.JMeterThread: Thread started: User Thread Group 1-143
2025-03-28 17:15:53,801 INFO o.a.j.t.JMeterThread: Thread started: User Thread Group 1-144
2025-03-28 17:15:53,845 INFO o.a.j.t.JMeterThread: Thread started: User Thread Group 1-145
2025-03-28 17:15:53,890 INFO o.a.j.t.JMeterThread: Thread started: User Thread Group 1-146
2025-03-28 17:15:53,936 INFO o.a.j.t.JMeterThread: Thread started: User Thread Group 1-147
2025-03-28 17:15:53,981 INFO o.a.j.t.JMeterThread: Thread started: User Thread Group 1-148
2025-03-28 17:15:54,027 INFO o.a.j.t.JMeterThread: Thread started: User Thread Group 1-149
2025-03-28 17:15:54,070 INFO o.a.j.t.JMeterThread: Thread started: User Thread Group 1-150
2025-03-28 17:15:54,116 INFO o.a.j.t.JMeterThread: Thread started: User Thread Group 1-151
2025-03-28 17:15:54,160 INFO o.a.j.t.JMeterThread: Thread started: User Thread Group 1-152
2025-03-28 17:15:54,206 INFO o.a.j.t.JMeterThread: Thread started: User Thread Group 1-153
2025-03-28 17:15:54,252 INFO o.a.j.t.JMeterThread: Thread started: User Thread Group 1-154
2025-03-28 17:15:54,296 INFO o.a.j.t.JMeterThread: Thread started: User Thread Group 1-155
2025-03-28 17:15:54,340 INFO o.a.j.t.JMeterThread: Thread started: User Thread Group 1-156
2025-03-28 17:15:54,385 INFO o.a.j.t.JMeterThread: Thread started: User Thread Group 1-157
2025-03-28 17:15:54,430 INFO o.a.j.t.JMeterThread: Thread started: User Thread Group 1-158
2025-03-28 17:15:54,476 INFO o.a.j.t.JMeterThread: Thread started: User Thread Group 1-159
2025-03-28 17:15:54,522 INFO o.a.j.t.JMeterThread: Thread started: User Thread Group 1-160
2025-03-28 17:15:54,566 INFO o.a.j.t.JMeterThread: Thread started: User Thread Group 1-161
2025-03-28 17:15:54,611 INFO o.a.j.t.JMeterThread: Thread started: User Thread Group 1-162
2025-03-28 17:15:54,656 INFO o.a.j.t.JMeterThread: Thread started: User Thread Group 1-163
2025-03-28 17:15:54,700 INFO o.a.j.t.JMeterThread: Thread started: User Thread Group 1-164
2025-03-28 17:15:54,745 INFO o.a.j.t.JMeterThread: Thread started: User Thread Group 1-165
2025-03-28 17:15:54,790 INFO o.a.j.t.JMeterThread: Thread started: User Thread Group 1-166
2025-03-28 17:15:54,836 INFO o.a.j.t.JMeterThread: Thread started: User Thread Group 1-167
2025-03-28 17:15:54,880 INFO o.a.j.t.JMeterThread: Thread started: User Thread Group 1-168
2025-03-28 17:15:54,926 INFO o.a.j.t.JMeterThread: Thread started: User Thread Group 1-169
2025-03-28 17:15:54,971 INFO o.a.j.t.JMeterThread: Thread started: User Thread Group 1-170
2025-03-28 17:15:55,015 INFO o.a.j.t.JMeterThread: Thread started: User Thread Group 1-171
2025-03-28 17:15:55,060 INFO o.a.j.t.JMeterThread: Thread started: User Thread Group 1-172
2025-03-28 17:15:55,106 INFO o.a.j.t.JMeterThread: Thread started: User Thread Group 1-173
2025-03-28 17:15:55,151 INFO o.a.j.t.JMeterThread: Thread started: User Thread Group 1-174
2025-03-28 17:15:55,198 INFO o.a.j.t.JMeterThread: Thread started: User Thread Group 1-175
2025-03-28 17:15:55,242 INFO o.a.j.t.JMeterThread: Thread started: User Thread Group 1-176
2025-03-28 17:15:55,286 INFO o.a.j.t.JMeterThread: Thread started: User Thread Group 1-177
2025-03-28 17:15:55,330 INFO o.a.j.t.JMeterThread: Thread started: User Thread Group 1-178
2025-03-28 17:15:55,376 INFO o.a.j.t.JMeterThread: Thread started: User Thread Group 1-179
2025-03-28 17:15:55,422 INFO o.a.j.t.JMeterThread: Thread started: User Thread Group 1-180
2025-03-28 17:15:55,465 INFO o.a.j.t.JMeterThread: Thread started: User Thread Group 1-181
2025-03-28 17:15:55,511 INFO o.a.j.t.JMeterThread: Thread started: User Thread Group 1-182
2025-03-28 17:15:55,555 INFO o.a.j.t.JMeterThread: Thread started: User Thread Group 1-183
2025-03-28 17:15:55,600 INFO o.a.j.t.JMeterThread: Thread started: User Thread Group 1-184
2025-03-28 17:15:55,645 INFO o.a.j.t.JMeterThread: Thread started: User Thread Group 1-185
2025-03-28 17:15:55,690 INFO o.a.j.t.JMeterThread: Thread started: User Thread Group 1-186
2025-03-28 17:15:55,735 INFO o.a.j.t.JMeterThread: Thread started: User Thread Group 1-187
2025-03-28 17:15:55,780 INFO o.a.j.t.JMeterThread: Thread started: User Thread Group 1-188
2025-03-28 17:15:55,825 INFO o.a.j.t.JMeterThread: Thread started: User Thread Group 1-189
2025-03-28 17:15:55,870 INFO o.a.j.t.JMeterThread: Thread started: User Thread Group 1-190
2025-03-28 17:15:55,915 INFO o.a.j.t.JMeterThread: Thread started: User Thread Group 1-191
2025-03-28 17:15:55,960 INFO o.a.j.t.JMeterThread: Thread started: User Thread Group 1-192
2025-03-28 17:15:56,006 INFO o.a.j.t.JMeterThread: Thread started: User Thread Group 1-193
2025-03-28 17:15:56,050 INFO o.a.j.t.JMeterThread: Thread started: User Thread Group 1-194
2025-03-28 17:15:56,095 INFO o.a.j.t.JMeterThread: Thread started: User Thread Group 1-195
2025-03-28 17:15:56,141 INFO o.a.j.t.JMeterThread: Thread started: User Thread Group 1-196
2025-03-28 17:15:56,185 INFO o.a.j.t.JMeterThread: Thread started: User Thread Group 1-197
2025-03-28 17:15:56,231 INFO o.a.j.t.JMeterThread: Thread started: User Thread Group 1-198
2025-03-28 17:15:56,276 INFO o.a.j.t.JMeterThread: Thread started: User Thread Group 1-199
2025-03-28 17:15:56,320 INFO o.a.j.t.JMeterThread: Thread started: User Thread Group 1-200
2025-03-28 17:15:56,367 INFO o.a.j.t.JMeterThread: Thread started: User Thread Group 1-201
2025-03-28 17:15:56,410 INFO o.a.j.t.JMeterThread: Thread started: User Thread Group 1-202
2025-03-28 17:15:56,455 INFO o.a.j.t.JMeterThread: Thread started: User Thread Group 1-203
2025-03-28 17:15:56,504 INFO o.a.j.t.JMeterThread: Thread started: User Thread Group 1-204
2025-03-28 17:15:56,545 INFO o.a.j.t.JMeterThread: Thread started: User Thread Group 1-205
2025-03-28 17:15:56,590 INFO o.a.j.t.JMeterThread: Thread started: User Thread Group 1-206
2025-03-28 17:15:56,637 INFO o.a.j.t.JMeterThread: Thread started: User Thread Group 1-207
2025-03-28 17:15:56,680 INFO o.a.j.t.JMeterThread: Thread started: User Thread Group 1-208
2025-03-28 17:15:56,725 INFO o.a.j.t.JMeterThread: Thread started: User Thread Group 1-209
2025-03-28 17:15:56,771 INFO o.a.j.t.JMeterThread: Thread started: User Thread Group 1-210
2025-03-28 17:15:56,815 INFO o.a.j.t.JMeterThread: Thread started: User Thread Group 1-211
2025-03-28 17:15:56,864 INFO o.a.j.t.JMeterThread: Thread started: User Thread Group 1-212
2025-03-28 17:15:56,905 INFO o.a.j.t.JMeterThread: Thread started: User Thread Group 1-213
2025-03-28 17:15:56,950 INFO o.a.j.t.JMeterThread: Thread started: User Thread Group 1-214
2025-03-28 17:15:56,996 INFO o.a.j.t.JMeterThread: Thread started: User Thread Group 1-215
2025-03-28 17:15:57,040 INFO o.a.j.t.JMeterThread: Thread started: User Thread Group 1-216
2025-03-28 17:15:57,086 INFO o.a.j.t.JMeterThread: Thread started: User Thread Group 1-217
2025-03-28 17:15:57,131 INFO o.a.j.t.JMeterThread: Thread started: User Thread Group 1-218
2025-03-28 17:15:57,175 INFO o.a.j.t.JMeterThread: Thread started: User Thread Group 1-219
2025-03-28 17:15:57,220 INFO o.a.j.t.JMeterThread: Thread started: User Thread Group 1-220
2025-03-28 17:15:57,265 INFO o.a.j.t.JMeterThread: Thread started: User Thread Group 1-221
2025-03-28 17:15:57,310 INFO o.a.j.t.JMeterThread: Thread started: User Thread Group 1-222
2025-03-28 17:15:57,355 INFO o.a.j.t.JMeterThread: Thread started: User Thread Group 1-223
2025-03-28 17:15:57,400 INFO o.a.j.t.JMeterThread: Thread started: User Thread Group 1-224
2025-03-28 17:15:57,446 INFO o.a.j.t.JMeterThread: Thread started: User Thread Group 1-225
2025-03-28 17:15:57,491 INFO o.a.j.t.JMeterThread: Thread started: User Thread Group 1-226
2025-03-28 17:15:57,492 INFO o.a.j.t.JMeterThread: Thread is done: User Thread Group 1-9
2025-03-28 17:15:57,492 INFO o.a.j.t.JMeterThread: Thread finished: User Thread Group 1-9
2025-03-28 17:15:57,513 INFO o.a.j.t.JMeterThread: Thread is done: User Thread Group 1-7
2025-03-28 17:15:57,513 INFO o.a.j.t.JMeterThread: Thread finished: User Thread Group 1-7
2025-03-28 17:15:57,532 INFO o.a.j.t.JMeterThread: Thread is done: User Thread Group 1-3
2025-03-28 17:15:57,533 INFO o.a.j.t.JMeterThread: Thread finished: User Thread Group 1-3
2025-03-28 17:15:57,535 INFO o.a.j.t.JMeterThread: Thread started: User Thread Group 1-227
2025-03-28 17:15:57,545 INFO o.a.j.t.JMeterThread: Thread is done: User Thread Group 1-1
2025-03-28 17:15:57,545 INFO o.a.j.t.JMeterThread: Thread finished: User Thread Group 1-1
2025-03-28 17:15:57,551 INFO o.a.j.t.JMeterThread: Thread is done: User Thread Group 1-6
2025-03-28 17:15:57,551 INFO o.a.j.t.JMeterThread: Thread finished: User Thread Group 1-6
2025-03-28 17:15:57,552 INFO o.a.j.t.JMeterThread: Thread is done: User Thread Group 1-5
2025-03-28 17:15:57,552 INFO o.a.j.t.JMeterThread: Thread finished: User Thread Group 1-5
2025-03-28 17:15:57,552 INFO o.a.j.t.JMeterThread: Thread is done: User Thread Group 1-8
2025-03-28 17:15:57,552 INFO o.a.j.t.JMeterThread: Thread finished: User Thread Group 1-8
2025-03-28 17:15:57,553 INFO o.a.j.t.JMeterThread: Thread is done: User Thread Group 1-2
2025-03-28 17:15:57,553 INFO o.a.j.t.JMeterThread: Thread finished: User Thread Group 1-2
2025-03-28 17:15:57,556 INFO o.a.j.t.JMeterThread: Thread is done: User Thread Group 1-4
2025-03-28 17:15:57,557 INFO o.a.j.t.JMeterThread: Thread finished: User Thread Group 1-4
2025-03-28 17:15:57,572 INFO o.a.j.t.JMeterThread: Thread is done: User Thread Group 1-10
2025-03-28 17:15:57,572 INFO o.a.j.t.JMeterThread: Thread finished: User Thread Group 1-10
2025-03-28 17:15:57,578 INFO o.a.j.t.JMeterThread: Thread is done: User Thread Group 1-13
2025-03-28 17:15:57,578 INFO o.a.j.t.JMeterThread: Thread finished: User Thread Group 1-13
2025-03-28 17:15:57,580 INFO o.a.j.t.JMeterThread: Thread started: User Thread Group 1-228
2025-03-28 17:15:57,594 INFO o.a.j.t.JMeterThread: Thread is done: User Thread Group 1-14
2025-03-28 17:15:57,594 INFO o.a.j.t.JMeterThread: Thread finished: User Thread Group 1-14
2025-03-28 17:15:57,597 INFO o.a.j.t.JMeterThread: Thread is done: User Thread Group 1-12
2025-03-28 17:15:57,597 INFO o.a.j.t.JMeterThread: Thread finished: User Thread Group 1-12
2025-03-28 17:15:57,608 INFO o.a.j.t.JMeterThread: Thread is done: User Thread Group 1-15
2025-03-28 17:15:57,608 INFO o.a.j.t.JMeterThread: Thread finished: User Thread Group 1-15
2025-03-28 17:15:57,624 INFO o.a.j.t.JMeterThread: Thread is done: User Thread Group 1-11
2025-03-28 17:15:57,625 INFO o.a.j.t.JMeterThread: Thread finished: User Thread Group 1-11
2025-03-28 17:15:57,626 INFO o.a.j.t.JMeterThread: Thread started: User Thread Group 1-229
2025-03-28 17:15:57,658 INFO o.a.j.t.JMeterThread: Thread is done: User Thread Group 1-16
2025-03-28 17:15:57,659 INFO o.a.j.t.JMeterThread: Thread finished: User Thread Group 1-16
2025-03-28 17:15:57,668 INFO o.a.j.t.JMeterThread: Thread is done: User Thread Group 1-17
2025-03-28 17:15:57,668 INFO o.a.j.t.JMeterThread: Thread finished: User Thread Group 1-17
2025-03-28 17:15:57,670 INFO o.a.j.t.JMeterThread: Thread started: User Thread Group 1-230
2025-03-28 17:15:57,717 INFO o.a.j.t.JMeterThread: Thread started: User Thread Group 1-231
2025-03-28 17:15:57,757 INFO o.a.j.t.JMeterThread: Thread is done: User Thread Group 1-18
2025-03-28 17:15:57,757 INFO o.a.j.t.JMeterThread: Thread finished: User Thread Group 1-18
2025-03-28 17:15:57,760 INFO o.a.j.t.JMeterThread: Thread started: User Thread Group 1-232
2025-03-28 17:15:57,786 INFO o.a.j.t.JMeterThread: Thread is done: User Thread Group 1-19
2025-03-28 17:15:57,786 INFO o.a.j.t.JMeterThread: Thread finished: User Thread Group 1-19
2025-03-28 17:15:57,805 INFO o.a.j.t.JMeterThread: Thread started: User Thread Group 1-233
2025-03-28 17:15:57,820 INFO o.a.j.t.JMeterThread: Thread is done: User Thread Group 1-20
2025-03-28 17:15:57,821 INFO o.a.j.t.JMeterThread: Thread finished: User Thread Group 1-20
2025-03-28 17:15:57,851 INFO o.a.j.t.JMeterThread: Thread started: User Thread Group 1-234
2025-03-28 17:15:57,895 INFO o.a.j.t.JMeterThread: Thread started: User Thread Group 1-235
2025-03-28 17:15:57,941 INFO o.a.j.t.JMeterThread: Thread started: User Thread Group 1-236
2025-03-28 17:15:57,985 INFO o.a.j.t.JMeterThread: Thread started: User Thread Group 1-237
2025-03-28 17:15:58,007 INFO o.a.j.t.JMeterThread: Thread is done: User Thread Group 1-21
2025-03-28 17:15:58,007 INFO o.a.j.t.JMeterThread: Thread finished: User Thread Group 1-21
2025-03-28 17:15:58,028 INFO o.a.j.t.JMeterThread: Thread is done: User Thread Group 1-23
2025-03-28 17:15:58,028 INFO o.a.j.t.JMeterThread: Thread finished: User Thread Group 1-23
2025-03-28 17:15:58,028 INFO o.a.j.t.JMeterThread: Thread is done: User Thread Group 1-22
2025-03-28 17:15:58,029 INFO o.a.j.t.JMeterThread: Thread finished: User Thread Group 1-22
2025-03-28 17:15:58,030 INFO o.a.j.t.JMeterThread: Thread started: User Thread Group 1-238
2025-03-28 17:15:58,075 INFO o.a.j.t.JMeterThread: Thread started: User Thread Group 1-239
2025-03-28 17:15:58,085 INFO o.a.j.t.JMeterThread: Thread is done: User Thread Group 1-24
2025-03-28 17:15:58,087 INFO o.a.j.t.JMeterThread: Thread finished: User Thread Group 1-24
2025-03-28 17:15:58,120 INFO o.a.j.t.JMeterThread: Thread started: User Thread Group 1-240
2025-03-28 17:15:58,124 INFO o.a.j.t.JMeterThread: Thread is done: User Thread Group 1-26
2025-03-28 17:15:58,125 INFO o.a.j.t.JMeterThread: Thread finished: User Thread Group 1-26
2025-03-28 17:15:58,156 INFO o.a.j.t.JMeterThread: Thread is done: User Thread Group 1-25
2025-03-28 17:15:58,156 INFO o.a.j.t.JMeterThread: Thread finished: User Thread Group 1-25
2025-03-28 17:15:58,165 INFO o.a.j.t.JMeterThread: Thread started: User Thread Group 1-241
2025-03-28 17:15:58,181 INFO o.a.j.t.JMeterThread: Thread is done: User Thread Group 1-28
2025-03-28 17:15:58,182 INFO o.a.j.t.JMeterThread: Thread finished: User Thread Group 1-28
2025-03-28 17:15:58,200 INFO o.a.j.t.JMeterThread: Thread is done: User Thread Group 1-27
2025-03-28 17:15:58,201 INFO o.a.j.t.JMeterThread: Thread finished: User Thread Group 1-27
2025-03-28 17:15:58,211 INFO o.a.j.t.JMeterThread: Thread started: User Thread Group 1-242
2025-03-28 17:15:58,229 INFO o.a.j.t.JMeterThread: Thread is done: User Thread Group 1-29
2025-03-28 17:15:58,229 INFO o.a.j.t.JMeterThread: Thread finished: User Thread Group 1-29
2025-03-28 17:15:58,255 INFO o.a.j.t.JMeterThread: Thread started: User Thread Group 1-243
2025-03-28 17:15:58,279 INFO o.a.j.t.JMeterThread: Thread is done: User Thread Group 1-30
2025-03-28 17:15:58,280 INFO o.a.j.t.JMeterThread: Thread finished: User Thread Group 1-30
2025-03-28 17:15:58,301 INFO o.a.j.t.JMeterThread: Thread started: User Thread Group 1-244
2025-03-28 17:15:58,311 INFO o.a.j.t.JMeterThread: Thread is done: User Thread Group 1-31
2025-03-28 17:15:58,311 INFO o.a.j.t.JMeterThread: Thread finished: User Thread Group 1-31
2025-03-28 17:15:58,345 INFO o.a.j.t.JMeterThread: Thread started: User Thread Group 1-245
2025-03-28 17:15:58,376 INFO o.a.j.t.JMeterThread: Thread is done: User Thread Group 1-32
2025-03-28 17:15:58,376 INFO o.a.j.t.JMeterThread: Thread finished: User Thread Group 1-32
2025-03-28 17:15:58,391 INFO o.a.j.t.JMeterThread: Thread started: User Thread Group 1-246
2025-03-28 17:15:58,404 INFO o.a.j.t.JMeterThread: Thread is done: User Thread Group 1-33
2025-03-28 17:15:58,404 INFO o.a.j.t.JMeterThread: Thread finished: User Thread Group 1-33
2025-03-28 17:15:58,436 INFO o.a.j.t.JMeterThread: Thread started: User Thread Group 1-247
2025-03-28 17:15:58,461 INFO o.a.j.t.JMeterThread: Thread is done: User Thread Group 1-34
2025-03-28 17:15:58,462 INFO o.a.j.t.JMeterThread: Thread finished: User Thread Group 1-34
2025-03-28 17:15:58,480 INFO o.a.j.t.JMeterThread: Thread started: User Thread Group 1-248
2025-03-28 17:15:58,527 INFO o.a.j.t.JMeterThread: Thread started: User Thread Group 1-249
2025-03-28 17:15:58,570 INFO o.a.j.t.JMeterThread: Thread started: User Thread Group 1-250
2025-03-28 17:15:58,615 INFO o.a.j.t.JMeterThread: Thread started: User Thread Group 1-251
2025-03-28 17:15:58,649 INFO o.a.j.t.JMeterThread: Thread is done: User Thread Group 1-37
2025-03-28 17:15:58,649 INFO o.a.j.t.JMeterThread: Thread finished: User Thread Group 1-37
2025-03-28 17:15:58,655 INFO o.a.j.t.JMeterThread: Thread is done: User Thread Group 1-35
2025-03-28 17:15:58,655 INFO o.a.j.t.JMeterThread: Thread finished: User Thread Group 1-35
2025-03-28 17:15:58,660 INFO o.a.j.t.JMeterThread: Thread started: User Thread Group 1-252
2025-03-28 17:15:58,663 INFO o.a.j.t.JMeterThread: Thread is done: User Thread Group 1-38
2025-03-28 17:15:58,663 INFO o.a.j.t.JMeterThread: Thread finished: User Thread Group 1-38
2025-03-28 17:15:58,671 INFO o.a.j.t.JMeterThread: Thread is done: User Thread Group 1-36
2025-03-28 17:15:58,671 INFO o.a.j.t.JMeterThread: Thread finished: User Thread Group 1-36
2025-03-28 17:15:58,679 INFO o.a.j.t.JMeterThread: Thread is done: User Thread Group 1-39
2025-03-28 17:15:58,679 INFO o.a.j.t.JMeterThread: Thread finished: User Thread Group 1-39
2025-03-28 17:15:58,706 INFO o.a.j.t.JMeterThread: Thread started: User Thread Group 1-253
2025-03-28 17:15:58,735 INFO o.a.j.t.JMeterThread: Thread is done: User Thread Group 1-40
2025-03-28 17:15:58,735 INFO o.a.j.t.JMeterThread: Thread finished: User Thread Group 1-40
2025-03-28 17:15:58,749 INFO o.a.j.t.JMeterThread: Thread is done: User Thread Group 1-41
2025-03-28 17:15:58,750 INFO o.a.j.t.JMeterThread: Thread finished: User Thread Group 1-41
2025-03-28 17:15:58,751 INFO o.a.j.t.JMeterThread: Thread started: User Thread Group 1-254
2025-03-28 17:15:58,795 INFO o.a.j.t.JMeterThread: Thread started: User Thread Group 1-255
2025-03-28 17:15:58,810 INFO o.a.j.t.JMeterThread: Thread is done: User Thread Group 1-42
2025-03-28 17:15:58,810 INFO o.a.j.t.JMeterThread: Thread finished: User Thread Group 1-42
2025-03-28 17:15:58,840 INFO o.a.j.t.JMeterThread: Thread started: User Thread Group 1-256
2025-03-28 17:15:58,886 INFO o.a.j.t.JMeterThread: Thread started: User Thread Group 1-257
2025-03-28 17:15:58,895 INFO o.a.j.t.JMeterThread: Thread is done: User Thread Group 1-43
2025-03-28 17:15:58,895 INFO o.a.j.t.JMeterThread: Thread finished: User Thread Group 1-43
2025-03-28 17:15:58,930 INFO o.a.j.t.JMeterThread: Thread started: User Thread Group 1-258
2025-03-28 17:15:58,937 INFO o.a.j.t.JMeterThread: Thread is done: User Thread Group 1-44
2025-03-28 17:15:58,937 INFO o.a.j.t.JMeterThread: Thread finished: User Thread Group 1-44
2025-03-28 17:15:58,946 INFO o.a.j.t.JMeterThread: Thread is done: User Thread Group 1-45
2025-03-28 17:15:58,946 INFO o.a.j.t.JMeterThread: Thread finished: User Thread Group 1-45
2025-03-28 17:15:58,976 INFO o.a.j.t.JMeterThread: Thread started: User Thread Group 1-259
2025-03-28 17:15:59,021 INFO o.a.j.t.JMeterThread: Thread started: User Thread Group 1-260
2025-03-28 17:15:59,065 INFO o.a.j.t.JMeterThread: Thread started: User Thread Group 1-261
2025-03-28 17:15:59,110 INFO o.a.j.t.JMeterThread: Thread started: User Thread Group 1-262
2025-03-28 17:15:59,114 INFO o.a.j.t.JMeterThread: Thread is done: User Thread Group 1-48
2025-03-28 17:15:59,114 INFO o.a.j.t.JMeterThread: Thread finished: User Thread Group 1-48
2025-03-28 17:15:59,116 INFO o.a.j.t.JMeterThread: Thread is done: User Thread Group 1-47
2025-03-28 17:15:59,116 INFO o.a.j.t.JMeterThread: Thread finished: User Thread Group 1-47
2025-03-28 17:15:59,146 INFO o.a.j.t.JMeterThread: Thread is done: User Thread Group 1-49
2025-03-28 17:15:59,146 INFO o.a.j.t.JMeterThread: Thread finished: User Thread Group 1-49
2025-03-28 17:15:59,152 INFO o.a.j.t.JMeterThread: Thread is done: User Thread Group 1-46
2025-03-28 17:15:59,152 INFO o.a.j.t.JMeterThread: Thread finished: User Thread Group 1-46
2025-03-28 17:15:59,155 INFO o.a.j.t.JMeterThread: Thread started: User Thread Group 1-263
2025-03-28 17:15:59,183 INFO o.a.j.t.JMeterThread: Thread is done: User Thread Group 1-50
2025-03-28 17:15:59,184 INFO o.a.j.t.JMeterThread: Thread finished: User Thread Group 1-50
2025-03-28 17:15:59,201 INFO o.a.j.t.JMeterThread: Thread started: User Thread Group 1-264
2025-03-28 17:15:59,224 INFO o.a.j.t.JMeterThread: Thread is done: User Thread Group 1-51
2025-03-28 17:15:59,227 INFO o.a.j.t.JMeterThread: Thread finished: User Thread Group 1-51
2025-03-28 17:15:59,248 INFO o.a.j.t.JMeterThread: Thread started: User Thread Group 1-265
2025-03-28 17:15:59,269 INFO o.a.j.t.JMeterThread: Thread is done: User Thread Group 1-52
2025-03-28 17:15:59,269 INFO o.a.j.t.JMeterThread: Thread finished: User Thread Group 1-52
2025-03-28 17:15:59,291 INFO o.a.j.t.JMeterThread: Thread started: User Thread Group 1-266
2025-03-28 17:15:59,297 INFO o.a.j.t.JMeterThread: Thread is done: User Thread Group 1-53
2025-03-28 17:15:59,297 INFO o.a.j.t.JMeterThread: Thread finished: User Thread Group 1-53
2025-03-28 17:15:59,335 INFO o.a.j.t.JMeterThread: Thread started: User Thread Group 1-267
2025-03-28 17:15:59,348 INFO o.a.j.t.JMeterThread: Thread is done: User Thread Group 1-54
2025-03-28 17:15:59,348 INFO o.a.j.t.JMeterThread: Thread finished: User Thread Group 1-54
2025-03-28 17:15:59,380 INFO o.a.j.t.JMeterThread: Thread is done: User Thread Group 1-55
2025-03-28 17:15:59,380 INFO o.a.j.t.JMeterThread: Thread finished: User Thread Group 1-55
2025-03-28 17:15:59,380 INFO o.a.j.t.JMeterThread: Thread started: User Thread Group 1-268
2025-03-28 17:15:59,426 INFO o.a.j.t.JMeterThread: Thread started: User Thread Group 1-269
2025-03-28 17:15:59,427 INFO o.a.j.t.JMeterThread: Thread is done: User Thread Group 1-56
2025-03-28 17:15:59,427 INFO o.a.j.t.JMeterThread: Thread finished: User Thread Group 1-56
2025-03-28 17:15:59,470 INFO o.a.j.t.JMeterThread: Thread started: User Thread Group 1-270
2025-03-28 17:15:59,474 INFO o.a.j.t.JMeterThread: Thread is done: User Thread Group 1-57
2025-03-28 17:15:59,474 INFO o.a.j.t.JMeterThread: Thread finished: User Thread Group 1-57
2025-03-28 17:15:59,515 INFO o.a.j.t.JMeterThread: Thread started: User Thread Group 1-271
2025-03-28 17:15:59,561 INFO o.a.j.t.JMeterThread: Thread started: User Thread Group 1-272
2025-03-28 17:15:59,592 INFO o.a.j.t.JMeterThread: Thread is done: User Thread Group 1-59
2025-03-28 17:15:59,592 INFO o.a.j.t.JMeterThread: Thread finished: User Thread Group 1-59
2025-03-28 17:15:59,606 INFO o.a.j.t.JMeterThread: Thread started: User Thread Group 1-273
2025-03-28 17:15:59,609 INFO o.a.j.t.JMeterThread: Thread is done: User Thread Group 1-58
2025-03-28 17:15:59,609 INFO o.a.j.t.JMeterThread: Thread finished: User Thread Group 1-58
2025-03-28 17:15:59,640 INFO o.a.j.t.JMeterThread: Thread is done: User Thread Group 1-60
2025-03-28 17:15:59,640 INFO o.a.j.t.JMeterThread: Thread finished: User Thread Group 1-60
2025-03-28 17:15:59,650 INFO o.a.j.t.JMeterThread: Thread is done: User Thread Group 1-61
2025-03-28 17:15:59,650 INFO o.a.j.t.JMeterThread: Thread finished: User Thread Group 1-61
2025-03-28 17:15:59,651 INFO o.a.j.t.JMeterThread: Thread started: User Thread Group 1-274
2025-03-28 17:15:59,695 INFO o.a.j.t.JMeterThread: Thread started: User Thread Group 1-275
2025-03-28 17:15:59,709 INFO o.a.j.t.JMeterThread: Thread is done: User Thread Group 1-62
2025-03-28 17:15:59,709 INFO o.a.j.t.JMeterThread: Thread finished: User Thread Group 1-62
2025-03-28 17:15:59,741 INFO o.a.j.t.JMeterThread: Thread started: User Thread Group 1-276
2025-03-28 17:15:59,748 INFO o.a.j.t.JMeterThread: Thread is done: User Thread Group 1-63
2025-03-28 17:15:59,748 INFO o.a.j.t.JMeterThread: Thread finished: User Thread Group 1-63
2025-03-28 17:15:59,787 INFO o.a.j.t.JMeterThread: Thread started: User Thread Group 1-277
2025-03-28 17:15:59,792 INFO o.a.j.t.JMeterThread: Thread is done: User Thread Group 1-64
2025-03-28 17:15:59,792 INFO o.a.j.t.JMeterThread: Thread finished: User Thread Group 1-64
2025-03-28 17:15:59,834 INFO o.a.j.t.JMeterThread: Thread started: User Thread Group 1-278
2025-03-28 17:15:59,869 INFO o.a.j.t.JMeterThread: Thread is done: User Thread Group 1-65
2025-03-28 17:15:59,869 INFO o.a.j.t.JMeterThread: Thread finished: User Thread Group 1-65
2025-03-28 17:15:59,876 INFO o.a.j.t.JMeterThread: Thread started: User Thread Group 1-279
2025-03-28 17:15:59,908 INFO o.a.j.t.JMeterThread: Thread is done: User Thread Group 1-66
2025-03-28 17:15:59,909 INFO o.a.j.t.JMeterThread: Thread finished: User Thread Group 1-66
2025-03-28 17:15:59,921 INFO o.a.j.t.JMeterThread: Thread started: User Thread Group 1-280
2025-03-28 17:15:59,950 INFO o.a.j.t.JMeterThread: Thread is done: User Thread Group 1-67
2025-03-28 17:15:59,950 INFO o.a.j.t.JMeterThread: Thread finished: User Thread Group 1-67
2025-03-28 17:15:59,965 INFO o.a.j.t.JMeterThread: Thread started: User Thread Group 1-281
2025-03-28 17:15:59,969 INFO o.a.j.t.JMeterThread: Thread is done: User Thread Group 1-68
2025-03-28 17:15:59,969 INFO o.a.j.t.JMeterThread: Thread finished: User Thread Group 1-68
2025-03-28 17:16:00,010 INFO o.a.j.t.JMeterThread: Thread started: User Thread Group 1-282
2025-03-28 17:16:00,011 INFO o.a.j.r.Summariser: summary +   1792 in 00:00:14 =  131.0/s Avg:    11 Min:     3 Max:   127 Err:     0 (0.00%) Active: 213 Started: 281 Finished: 68
2025-03-28 17:16:00,017 INFO o.a.j.t.JMeterThread: Thread is done: User Thread Group 1-69
2025-03-28 17:16:00,017 INFO o.a.j.t.JMeterThread: Thread finished: User Thread Group 1-69
2025-03-28 17:16:00,055 INFO o.a.j.t.JMeterThread: Thread started: User Thread Group 1-283
2025-03-28 17:16:00,102 INFO o.a.j.t.JMeterThread: Thread started: User Thread Group 1-284
2025-03-28 17:16:00,121 INFO o.a.j.t.JMeterThread: Thread is done: User Thread Group 1-70
2025-03-28 17:16:00,122 INFO o.a.j.t.JMeterThread: Thread finished: User Thread Group 1-70
2025-03-28 17:16:00,140 INFO o.a.j.t.JMeterThread: Thread is done: User Thread Group 1-71
2025-03-28 17:16:00,140 INFO o.a.j.t.JMeterThread: Thread finished: User Thread Group 1-71
2025-03-28 17:16:00,145 INFO o.a.j.t.JMeterThread: Thread started: User Thread Group 1-285
2025-03-28 17:16:00,149 INFO o.a.j.t.JMeterThread: Thread is done: User Thread Group 1-72
2025-03-28 17:16:00,150 INFO o.a.j.t.JMeterThread: Thread finished: User Thread Group 1-72
2025-03-28 17:16:00,190 INFO o.a.j.t.JMeterThread: Thread started: User Thread Group 1-286
2025-03-28 17:16:00,236 INFO o.a.j.t.JMeterThread: Thread started: User Thread Group 1-287
2025-03-28 17:16:00,238 INFO o.a.j.t.JMeterThread: Thread is done: User Thread Group 1-73
2025-03-28 17:16:00,238 INFO o.a.j.t.JMeterThread: Thread finished: User Thread Group 1-73
2025-03-28 17:16:00,257 INFO o.a.j.t.JMeterThread: Thread is done: User Thread Group 1-74
2025-03-28 17:16:00,257 INFO o.a.j.t.JMeterThread: Thread finished: User Thread Group 1-74
2025-03-28 17:16:00,281 INFO o.a.j.t.JMeterThread: Thread started: User Thread Group 1-288
2025-03-28 17:16:00,304 INFO o.a.j.t.JMeterThread: Thread is done: User Thread Group 1-75
2025-03-28 17:16:00,304 INFO o.a.j.t.JMeterThread: Thread finished: User Thread Group 1-75
2025-03-28 17:16:00,325 INFO o.a.j.t.JMeterThread: Thread started: User Thread Group 1-289
2025-03-28 17:16:00,342 INFO o.a.j.t.JMeterThread: Thread is done: User Thread Group 1-76
2025-03-28 17:16:00,343 INFO o.a.j.t.JMeterThread: Thread finished: User Thread Group 1-76
2025-03-28 17:16:00,372 INFO o.a.j.t.JMeterThread: Thread started: User Thread Group 1-290
2025-03-28 17:16:00,385 INFO o.a.j.t.JMeterThread: Thread is done: User Thread Group 1-77
2025-03-28 17:16:00,385 INFO o.a.j.t.JMeterThread: Thread finished: User Thread Group 1-77
2025-03-28 17:16:00,416 INFO o.a.j.t.JMeterThread: Thread started: User Thread Group 1-291
2025-03-28 17:16:00,420 INFO o.a.j.t.JMeterThread: Thread is done: User Thread Group 1-78
2025-03-28 17:16:00,420 INFO o.a.j.t.JMeterThread: Thread finished: User Thread Group 1-78
2025-03-28 17:16:00,459 INFO o.a.j.t.JMeterThread: Thread is done: User Thread Group 1-79
2025-03-28 17:16:00,460 INFO o.a.j.t.JMeterThread: Thread finished: User Thread Group 1-79
2025-03-28 17:16:00,461 INFO o.a.j.t.JMeterThread: Thread started: User Thread Group 1-292
2025-03-28 17:16:00,499 INFO o.a.j.t.JMeterThread: Thread is done: User Thread Group 1-80
2025-03-28 17:16:00,500 INFO o.a.j.t.JMeterThread: Thread finished: User Thread Group 1-80
2025-03-28 17:16:00,505 INFO o.a.j.t.JMeterThread: Thread started: User Thread Group 1-293
2025-03-28 17:16:00,550 INFO o.a.j.t.JMeterThread: Thread started: User Thread Group 1-294
2025-03-28 17:16:00,555 INFO o.a.j.t.JMeterThread: Thread is done: User Thread Group 1-81
2025-03-28 17:16:00,556 INFO o.a.j.t.JMeterThread: Thread finished: User Thread Group 1-81
2025-03-28 17:16:00,595 INFO o.a.j.t.JMeterThread: Thread started: User Thread Group 1-295
2025-03-28 17:16:00,605 INFO o.a.j.t.JMeterThread: Thread is done: User Thread Group 1-82
2025-03-28 17:16:00,605 INFO o.a.j.t.JMeterThread: Thread finished: User Thread Group 1-82
2025-03-28 17:16:00,641 INFO o.a.j.t.JMeterThread: Thread started: User Thread Group 1-296
2025-03-28 17:16:00,669 INFO o.a.j.t.JMeterThread: Thread is done: User Thread Group 1-83
2025-03-28 17:16:00,669 INFO o.a.j.t.JMeterThread: Thread finished: User Thread Group 1-83
2025-03-28 17:16:00,686 INFO o.a.j.t.JMeterThread: Thread started: User Thread Group 1-297
2025-03-28 17:16:00,730 INFO o.a.j.t.JMeterThread: Thread started: User Thread Group 1-298
2025-03-28 17:16:00,744 INFO o.a.j.t.JMeterThread: Thread is done: User Thread Group 1-84
2025-03-28 17:16:00,745 INFO o.a.j.t.JMeterThread: Thread finished: User Thread Group 1-84
2025-03-28 17:16:00,774 INFO o.a.j.t.JMeterThread: Thread is done: User Thread Group 1-85
2025-03-28 17:16:00,774 INFO o.a.j.t.JMeterThread: Thread finished: User Thread Group 1-85
2025-03-28 17:16:00,776 INFO o.a.j.t.JMeterThread: Thread started: User Thread Group 1-299
2025-03-28 17:16:00,792 INFO o.a.j.t.JMeterThread: Thread is done: User Thread Group 1-86
2025-03-28 17:16:00,792 INFO o.a.j.t.JMeterThread: Thread finished: User Thread Group 1-86
2025-03-28 17:16:00,822 INFO o.a.j.t.JMeterThread: Thread started: User Thread Group 1-300
2025-03-28 17:16:00,835 INFO o.a.j.t.JMeterThread: Thread is done: User Thread Group 1-87
2025-03-28 17:16:00,835 INFO o.a.j.t.JMeterThread: Thread finished: User Thread Group 1-87
2025-03-28 17:16:00,865 INFO o.a.j.t.JMeterThread: Thread started: User Thread Group 1-301
2025-03-28 17:16:00,888 INFO o.a.j.t.JMeterThread: Thread is done: User Thread Group 1-88
2025-03-28 17:16:00,888 INFO o.a.j.t.JMeterThread: Thread finished: User Thread Group 1-88
2025-03-28 17:16:00,910 INFO o.a.j.t.JMeterThread: Thread started: User Thread Group 1-302
2025-03-28 17:16:00,955 INFO o.a.j.t.JMeterThread: Thread started: User Thread Group 1-303
2025-03-28 17:16:00,955 INFO o.a.j.t.JMeterThread: Thread is done: User Thread Group 1-89
2025-03-28 17:16:00,956 INFO o.a.j.t.JMeterThread: Thread finished: User Thread Group 1-89
2025-03-28 17:16:00,958 INFO o.a.j.t.JMeterThread: Thread is done: User Thread Group 1-90
2025-03-28 17:16:00,958 INFO o.a.j.t.JMeterThread: Thread finished: User Thread Group 1-90
2025-03-28 17:16:01,000 INFO o.a.j.t.JMeterThread: Thread started: User Thread Group 1-304
2025-03-28 17:16:01,003 INFO o.a.j.t.JMeterThread: Thread is done: User Thread Group 1-91
2025-03-28 17:16:01,003 INFO o.a.j.t.JMeterThread: Thread finished: User Thread Group 1-91
2025-03-28 17:16:01,037 INFO o.a.j.t.JMeterThread: Thread is done: User Thread Group 1-92
2025-03-28 17:16:01,038 INFO o.a.j.t.JMeterThread: Thread finished: User Thread Group 1-92
2025-03-28 17:16:01,045 INFO o.a.j.t.JMeterThread: Thread started: User Thread Group 1-305
2025-03-28 17:16:01,090 INFO o.a.j.t.JMeterThread: Thread started: User Thread Group 1-306
2025-03-28 17:16:01,106 INFO o.a.j.t.JMeterThread: Thread is done: User Thread Group 1-93
2025-03-28 17:16:01,107 INFO o.a.j.t.JMeterThread: Thread finished: User Thread Group 1-93
2025-03-28 17:16:01,136 INFO o.a.j.t.JMeterThread: Thread started: User Thread Group 1-307
2025-03-28 17:16:01,169 INFO o.a.j.t.JMeterThread: Thread is done: User Thread Group 1-94
2025-03-28 17:16:01,169 INFO o.a.j.t.JMeterThread: Thread finished: User Thread Group 1-94
2025-03-28 17:16:01,181 INFO o.a.j.t.JMeterThread: Thread started: User Thread Group 1-308
2025-03-28 17:16:01,184 INFO o.a.j.t.JMeterThread: Thread is done: User Thread Group 1-95
2025-03-28 17:16:01,185 INFO o.a.j.t.JMeterThread: Thread finished: User Thread Group 1-95
2025-03-28 17:16:01,225 INFO o.a.j.t.JMeterThread: Thread started: User Thread Group 1-309
2025-03-28 17:16:01,254 INFO o.a.j.t.JMeterThread: Thread is done: User Thread Group 1-96
2025-03-28 17:16:01,254 INFO o.a.j.t.JMeterThread: Thread finished: User Thread Group 1-96
2025-03-28 17:16:01,270 INFO o.a.j.t.JMeterThread: Thread started: User Thread Group 1-310
2025-03-28 17:16:01,285 INFO o.a.j.t.JMeterThread: Thread is done: User Thread Group 1-97
2025-03-28 17:16:01,285 INFO o.a.j.t.JMeterThread: Thread finished: User Thread Group 1-97
2025-03-28 17:16:01,317 INFO o.a.j.t.JMeterThread: Thread started: User Thread Group 1-311
2025-03-28 17:16:01,338 INFO o.a.j.t.JMeterThread: Thread is done: User Thread Group 1-98
2025-03-28 17:16:01,339 INFO o.a.j.t.JMeterThread: Thread finished: User Thread Group 1-98
2025-03-28 17:16:01,360 INFO o.a.j.t.JMeterThread: Thread started: User Thread Group 1-312
2025-03-28 17:16:01,361 INFO o.a.j.t.JMeterThread: Thread is done: User Thread Group 1-99
2025-03-28 17:16:01,361 INFO o.a.j.t.JMeterThread: Thread finished: User Thread Group 1-99
2025-03-28 17:16:01,406 INFO o.a.j.t.JMeterThread: Thread started: User Thread Group 1-313
2025-03-28 17:16:01,426 INFO o.a.j.t.JMeterThread: Thread is done: User Thread Group 1-100
2025-03-28 17:16:01,427 INFO o.a.j.t.JMeterThread: Thread finished: User Thread Group 1-100
2025-03-28 17:16:01,451 INFO o.a.j.t.JMeterThread: Thread started: User Thread Group 1-314
2025-03-28 17:16:01,459 INFO o.a.j.t.JMeterThread: Thread is done: User Thread Group 1-101
2025-03-28 17:16:01,459 INFO o.a.j.t.JMeterThread: Thread finished: User Thread Group 1-101
2025-03-28 17:16:01,493 INFO o.a.j.t.JMeterThread: Thread is done: User Thread Group 1-102
2025-03-28 17:16:01,493 INFO o.a.j.t.JMeterThread: Thread finished: User Thread Group 1-102
2025-03-28 17:16:01,496 INFO o.a.j.t.JMeterThread: Thread started: User Thread Group 1-315
2025-03-28 17:16:01,541 INFO o.a.j.t.JMeterThread: Thread started: User Thread Group 1-316
2025-03-28 17:16:01,561 INFO o.a.j.t.JMeterThread: Thread is done: User Thread Group 1-103
2025-03-28 17:16:01,561 INFO o.a.j.t.JMeterThread: Thread finished: User Thread Group 1-103
2025-03-28 17:16:01,585 INFO o.a.j.t.JMeterThread: Thread started: User Thread Group 1-317
2025-03-28 17:16:01,585 INFO o.a.j.t.JMeterThread: Thread is done: User Thread Group 1-104
2025-03-28 17:16:01,586 INFO o.a.j.t.JMeterThread: Thread finished: User Thread Group 1-104
2025-03-28 17:16:01,631 INFO o.a.j.t.JMeterThread: Thread started: User Thread Group 1-318
2025-03-28 17:16:01,658 INFO o.a.j.t.JMeterThread: Thread is done: User Thread Group 1-105
2025-03-28 17:16:01,658 INFO o.a.j.t.JMeterThread: Thread finished: User Thread Group 1-105
2025-03-28 17:16:01,675 INFO o.a.j.t.JMeterThread: Thread started: User Thread Group 1-319
2025-03-28 17:16:01,683 INFO o.a.j.t.JMeterThread: Thread is done: User Thread Group 1-106
2025-03-28 17:16:01,683 INFO o.a.j.t.JMeterThread: Thread finished: User Thread Group 1-106
2025-03-28 17:16:01,722 INFO o.a.j.t.JMeterThread: Thread started: User Thread Group 1-320
2025-03-28 17:16:01,726 INFO o.a.j.t.JMeterThread: Thread is done: User Thread Group 1-107
2025-03-28 17:16:01,726 INFO o.a.j.t.JMeterThread: Thread finished: User Thread Group 1-107
2025-03-28 17:16:01,766 INFO o.a.j.t.JMeterThread: Thread started: User Thread Group 1-321
2025-03-28 17:16:01,811 INFO o.a.j.t.JMeterThread: Thread started: User Thread Group 1-322
2025-03-28 17:16:01,818 INFO o.a.j.t.JMeterThread: Thread is done: User Thread Group 1-108
2025-03-28 17:16:01,819 INFO o.a.j.t.JMeterThread: Thread finished: User Thread Group 1-108
2025-03-28 17:16:01,843 INFO o.a.j.t.JMeterThread: Thread is done: User Thread Group 1-109
2025-03-28 17:16:01,843 INFO o.a.j.t.JMeterThread: Thread finished: User Thread Group 1-109
2025-03-28 17:16:01,855 INFO o.a.j.t.JMeterThread: Thread started: User Thread Group 1-323
2025-03-28 17:16:01,858 INFO o.a.j.t.JMeterThread: Thread is done: User Thread Group 1-110
2025-03-28 17:16:01,858 INFO o.a.j.t.JMeterThread: Thread finished: User Thread Group 1-110
2025-03-28 17:16:01,898 INFO o.a.j.t.JMeterThread: Thread is done: User Thread Group 1-111
2025-03-28 17:16:01,899 INFO o.a.j.t.JMeterThread: Thread finished: User Thread Group 1-111
2025-03-28 17:16:01,900 INFO o.a.j.t.JMeterThread: Thread started: User Thread Group 1-324
2025-03-28 17:16:01,946 INFO o.a.j.t.JMeterThread: Thread started: User Thread Group 1-325
2025-03-28 17:16:01,960 INFO o.a.j.t.JMeterThread: Thread is done: User Thread Group 1-112
2025-03-28 17:16:01,961 INFO o.a.j.t.JMeterThread: Thread finished: User Thread Group 1-112
2025-03-28 17:16:01,990 INFO o.a.j.t.JMeterThread: Thread started: User Thread Group 1-326
2025-03-28 17:16:01,998 INFO o.a.j.t.JMeterThread: Thread is done: User Thread Group 1-113
2025-03-28 17:16:01,998 INFO o.a.j.t.JMeterThread: Thread finished: User Thread Group 1-113
2025-03-28 17:16:02,036 INFO o.a.j.t.JMeterThread: Thread started: User Thread Group 1-327
2025-03-28 17:16:02,061 INFO o.a.j.t.JMeterThread: Thread is done: User Thread Group 1-114
2025-03-28 17:16:02,061 INFO o.a.j.t.JMeterThread: Thread finished: User Thread Group 1-114
2025-03-28 17:16:02,080 INFO o.a.j.t.JMeterThread: Thread started: User Thread Group 1-328
2025-03-28 17:16:02,089 INFO o.a.j.t.JMeterThread: Thread is done: User Thread Group 1-115
2025-03-28 17:16:02,090 INFO o.a.j.t.JMeterThread: Thread finished: User Thread Group 1-115
2025-03-28 17:16:02,126 INFO o.a.j.t.JMeterThread: Thread started: User Thread Group 1-329
2025-03-28 17:16:02,130 INFO o.a.j.t.JMeterThread: Thread is done: User Thread Group 1-116
2025-03-28 17:16:02,130 INFO o.a.j.t.JMeterThread: Thread finished: User Thread Group 1-116
2025-03-28 17:16:02,161 INFO o.a.j.t.JMeterThread: Thread is done: User Thread Group 1-117
2025-03-28 17:16:02,161 INFO o.a.j.t.JMeterThread: Thread finished: User Thread Group 1-117
2025-03-28 17:16:02,170 INFO o.a.j.t.JMeterThread: Thread started: User Thread Group 1-330
2025-03-28 17:16:02,215 INFO o.a.j.t.JMeterThread: Thread started: User Thread Group 1-331
2025-03-28 17:16:02,247 INFO o.a.j.t.JMeterThread: Thread is done: User Thread Group 1-118
2025-03-28 17:16:02,247 INFO o.a.j.t.JMeterThread: Thread finished: User Thread Group 1-118
2025-03-28 17:16:02,261 INFO o.a.j.t.JMeterThread: Thread started: User Thread Group 1-332
2025-03-28 17:16:02,296 INFO o.a.j.t.JMeterThread: Thread is done: User Thread Group 1-119
2025-03-28 17:16:02,296 INFO o.a.j.t.JMeterThread: Thread finished: User Thread Group 1-119
2025-03-28 17:16:02,305 INFO o.a.j.t.JMeterThread: Thread started: User Thread Group 1-333
2025-03-28 17:16:02,322 INFO o.a.j.t.JMeterThread: Thread is done: User Thread Group 1-120
2025-03-28 17:16:02,323 INFO o.a.j.t.JMeterThread: Thread finished: User Thread Group 1-120
2025-03-28 17:16:02,350 INFO o.a.j.t.JMeterThread: Thread started: User Thread Group 1-334
2025-03-28 17:16:02,360 INFO o.a.j.t.JMeterThread: Thread is done: User Thread Group 1-121
2025-03-28 17:16:02,360 INFO o.a.j.t.JMeterThread: Thread finished: User Thread Group 1-121
2025-03-28 17:16:02,396 INFO o.a.j.t.JMeterThread: Thread started: User Thread Group 1-335
2025-03-28 17:16:02,426 INFO o.a.j.t.JMeterThread: Thread is done: User Thread Group 1-122
2025-03-28 17:16:02,426 INFO o.a.j.t.JMeterThread: Thread finished: User Thread Group 1-122
2025-03-28 17:16:02,441 INFO o.a.j.t.JMeterThread: Thread started: User Thread Group 1-336
2025-03-28 17:16:02,469 INFO o.a.j.t.JMeterThread: Thread is done: User Thread Group 1-123
2025-03-28 17:16:02,469 INFO o.a.j.t.JMeterThread: Thread finished: User Thread Group 1-123
2025-03-28 17:16:02,485 INFO o.a.j.t.JMeterThread: Thread started: User Thread Group 1-337
2025-03-28 17:16:02,519 INFO o.a.j.t.JMeterThread: Thread is done: User Thread Group 1-124
2025-03-28 17:16:02,520 INFO o.a.j.t.JMeterThread: Thread finished: User Thread Group 1-124
2025-03-28 17:16:02,531 INFO o.a.j.t.JMeterThread: Thread started: User Thread Group 1-338
2025-03-28 17:16:02,542 INFO o.a.j.t.JMeterThread: Thread is done: User Thread Group 1-125
2025-03-28 17:16:02,542 INFO o.a.j.t.JMeterThread: Thread finished: User Thread Group 1-125
2025-03-28 17:16:02,575 INFO o.a.j.t.JMeterThread: Thread is done: User Thread Group 1-126
2025-03-28 17:16:02,576 INFO o.a.j.t.JMeterThread: Thread finished: User Thread Group 1-126
2025-03-28 17:16:02,576 INFO o.a.j.t.JMeterThread: Thread started: User Thread Group 1-339
2025-03-28 17:16:02,620 INFO o.a.j.t.JMeterThread: Thread started: User Thread Group 1-340
2025-03-28 17:16:02,628 INFO o.a.j.t.JMeterThread: Thread is done: User Thread Group 1-127
2025-03-28 17:16:02,628 INFO o.a.j.t.JMeterThread: Thread finished: User Thread Group 1-127
2025-03-28 17:16:02,666 INFO o.a.j.t.JMeterThread: Thread started: User Thread Group 1-341
2025-03-28 17:16:02,688 INFO o.a.j.t.JMeterThread: Thread is done: User Thread Group 1-128
2025-03-28 17:16:02,688 INFO o.a.j.t.JMeterThread: Thread finished: User Thread Group 1-128
2025-03-28 17:16:02,712 INFO o.a.j.t.JMeterThread: Thread started: User Thread Group 1-342
2025-03-28 17:16:02,724 INFO o.a.j.t.JMeterThread: Thread is done: User Thread Group 1-129
2025-03-28 17:16:02,724 INFO o.a.j.t.JMeterThread: Thread finished: User Thread Group 1-129
2025-03-28 17:16:02,755 INFO o.a.j.t.JMeterThread: Thread started: User Thread Group 1-343
2025-03-28 17:16:02,788 INFO o.a.j.t.JMeterThread: Thread is done: User Thread Group 1-130
2025-03-28 17:16:02,788 INFO o.a.j.t.JMeterThread: Thread finished: User Thread Group 1-130
2025-03-28 17:16:02,801 INFO o.a.j.t.JMeterThread: Thread started: User Thread Group 1-344
2025-03-28 17:16:02,819 INFO o.a.j.t.JMeterThread: Thread is done: User Thread Group 1-131
2025-03-28 17:16:02,819 INFO o.a.j.t.JMeterThread: Thread finished: User Thread Group 1-131
2025-03-28 17:16:02,846 INFO o.a.j.t.JMeterThread: Thread started: User Thread Group 1-345
2025-03-28 17:16:02,877 INFO o.a.j.t.JMeterThread: Thread is done: User Thread Group 1-132
2025-03-28 17:16:02,877 INFO o.a.j.t.JMeterThread: Thread finished: User Thread Group 1-132
2025-03-28 17:16:02,890 INFO o.a.j.t.JMeterThread: Thread started: User Thread Group 1-346
2025-03-28 17:16:02,935 INFO o.a.j.t.JMeterThread: Thread started: User Thread Group 1-347
2025-03-28 17:16:02,947 INFO o.a.j.t.JMeterThread: Thread is done: User Thread Group 1-134
2025-03-28 17:16:02,948 INFO o.a.j.t.JMeterThread: Thread finished: User Thread Group 1-134
2025-03-28 17:16:02,950 INFO o.a.j.t.JMeterThread: Thread is done: User Thread Group 1-133
2025-03-28 17:16:02,950 INFO o.a.j.t.JMeterThread: Thread finished: User Thread Group 1-133
2025-03-28 17:16:02,980 INFO o.a.j.t.JMeterThread: Thread started: User Thread Group 1-348
2025-03-28 17:16:02,997 INFO o.a.j.t.JMeterThread: Thread is done: User Thread Group 1-135
2025-03-28 17:16:02,997 INFO o.a.j.t.JMeterThread: Thread finished: User Thread Group 1-135
2025-03-28 17:16:03,025 INFO o.a.j.t.JMeterThread: Thread started: User Thread Group 1-349
2025-03-28 17:16:03,037 INFO o.a.j.t.JMeterThread: Thread is done: User Thread Group 1-136
2025-03-28 17:16:03,037 INFO o.a.j.t.JMeterThread: Thread finished: User Thread Group 1-136
2025-03-28 17:16:03,070 INFO o.a.j.t.JMeterThread: Thread started: User Thread Group 1-350
2025-03-28 17:16:03,090 INFO o.a.j.t.JMeterThread: Thread is done: User Thread Group 1-137
2025-03-28 17:16:03,090 INFO o.a.j.t.JMeterThread: Thread finished: User Thread Group 1-137
2025-03-28 17:16:03,110 INFO o.a.j.t.JMeterThread: Thread is done: User Thread Group 1-138
2025-03-28 17:16:03,110 INFO o.a.j.t.JMeterThread: Thread finished: User Thread Group 1-138
2025-03-28 17:16:03,116 INFO o.a.j.t.JMeterThread: Thread started: User Thread Group 1-351
2025-03-28 17:16:03,160 INFO o.a.j.t.JMeterThread: Thread started: User Thread Group 1-352
2025-03-28 17:16:03,166 INFO o.a.j.t.JMeterThread: Thread is done: User Thread Group 1-139
2025-03-28 17:16:03,166 INFO o.a.j.t.JMeterThread: Thread finished: User Thread Group 1-139
2025-03-28 17:16:03,206 INFO o.a.j.t.JMeterThread: Thread started: User Thread Group 1-353
2025-03-28 17:16:03,208 INFO o.a.j.t.JMeterThread: Thread is done: User Thread Group 1-140
2025-03-28 17:16:03,209 INFO o.a.j.t.JMeterThread: Thread finished: User Thread Group 1-140
2025-03-28 17:16:03,251 INFO o.a.j.t.JMeterThread: Thread started: User Thread Group 1-354
2025-03-28 17:16:03,258 INFO o.a.j.t.JMeterThread: Thread is done: User Thread Group 1-141
2025-03-28 17:16:03,258 INFO o.a.j.t.JMeterThread: Thread finished: User Thread Group 1-141
2025-03-28 17:16:03,297 INFO o.a.j.t.JMeterThread: Thread started: User Thread Group 1-355
2025-03-28 17:16:03,314 INFO o.a.j.t.JMeterThread: Thread is done: User Thread Group 1-142
2025-03-28 17:16:03,315 INFO o.a.j.t.JMeterThread: Thread finished: User Thread Group 1-142
2025-03-28 17:16:03,340 INFO o.a.j.t.JMeterThread: Thread started: User Thread Group 1-356
2025-03-28 17:16:03,345 INFO o.a.j.t.JMeterThread: Thread is done: User Thread Group 1-143
2025-03-28 17:16:03,346 INFO o.a.j.t.JMeterThread: Thread finished: User Thread Group 1-143
2025-03-28 17:16:03,386 INFO o.a.j.t.JMeterThread: Thread started: User Thread Group 1-357
2025-03-28 17:16:03,399 INFO o.a.j.t.JMeterThread: Thread is done: User Thread Group 1-144
2025-03-28 17:16:03,399 INFO o.a.j.t.JMeterThread: Thread finished: User Thread Group 1-144
2025-03-28 17:16:03,430 INFO o.a.j.t.JMeterThread: Thread started: User Thread Group 1-358
2025-03-28 17:16:03,439 INFO o.a.j.t.JMeterThread: Thread is done: User Thread Group 1-145
2025-03-28 17:16:03,439 INFO o.a.j.t.JMeterThread: Thread finished: User Thread Group 1-145
2025-03-28 17:16:03,475 INFO o.a.j.t.JMeterThread: Thread started: User Thread Group 1-359
2025-03-28 17:16:03,487 INFO o.a.j.t.JMeterThread: Thread is done: User Thread Group 1-146
2025-03-28 17:16:03,487 INFO o.a.j.t.JMeterThread: Thread finished: User Thread Group 1-146
2025-03-28 17:16:03,520 INFO o.a.j.t.JMeterThread: Thread started: User Thread Group 1-360
2025-03-28 17:16:03,546 INFO o.a.j.t.JMeterThread: Thread is done: User Thread Group 1-147
2025-03-28 17:16:03,547 INFO o.a.j.t.JMeterThread: Thread finished: User Thread Group 1-147
2025-03-28 17:16:03,565 INFO o.a.j.t.JMeterThread: Thread started: User Thread Group 1-361
2025-03-28 17:16:03,606 INFO o.a.j.t.JMeterThread: Thread is done: User Thread Group 1-148
2025-03-28 17:16:03,606 INFO o.a.j.t.JMeterThread: Thread finished: User Thread Group 1-148
2025-03-28 17:16:03,610 INFO o.a.j.t.JMeterThread: Thread started: User Thread Group 1-362
2025-03-28 17:16:03,630 INFO o.a.j.t.JMeterThread: Thread is done: User Thread Group 1-149
2025-03-28 17:16:03,631 INFO o.a.j.t.JMeterThread: Thread finished: User Thread Group 1-149
2025-03-28 17:16:03,656 INFO o.a.j.t.JMeterThread: Thread started: User Thread Group 1-363
2025-03-28 17:16:03,666 INFO o.a.j.t.JMeterThread: Thread is done: User Thread Group 1-150
2025-03-28 17:16:03,667 INFO o.a.j.t.JMeterThread: Thread finished: User Thread Group 1-150
2025-03-28 17:16:03,700 INFO o.a.j.t.JMeterThread: Thread started: User Thread Group 1-364
2025-03-28 17:16:03,712 INFO o.a.j.t.JMeterThread: Thread is done: User Thread Group 1-151
2025-03-28 17:16:03,712 INFO o.a.j.t.JMeterThread: Thread finished: User Thread Group 1-151
2025-03-28 17:16:03,746 INFO o.a.j.t.JMeterThread: Thread started: User Thread Group 1-365
2025-03-28 17:16:03,762 INFO o.a.j.t.JMeterThread: Thread is done: User Thread Group 1-152
2025-03-28 17:16:03,762 INFO o.a.j.t.JMeterThread: Thread finished: User Thread Group 1-152
2025-03-28 17:16:03,790 INFO o.a.j.t.JMeterThread: Thread started: User Thread Group 1-366
2025-03-28 17:16:03,793 INFO o.a.j.t.JMeterThread: Thread is done: User Thread Group 1-153
2025-03-28 17:16:03,793 INFO o.a.j.t.JMeterThread: Thread finished: User Thread Group 1-153
2025-03-28 17:16:03,835 INFO o.a.j.t.JMeterThread: Thread started: User Thread Group 1-367
2025-03-28 17:16:03,853 INFO o.a.j.t.JMeterThread: Thread is done: User Thread Group 1-154
2025-03-28 17:16:03,853 INFO o.a.j.t.JMeterThread: Thread finished: User Thread Group 1-154
2025-03-28 17:16:03,880 INFO o.a.j.t.JMeterThread: Thread started: User Thread Group 1-368
2025-03-28 17:16:03,892 INFO o.a.j.t.JMeterThread: Thread is done: User Thread Group 1-155
2025-03-28 17:16:03,893 INFO o.a.j.t.JMeterThread: Thread finished: User Thread Group 1-155
2025-03-28 17:16:03,925 INFO o.a.j.t.JMeterThread: Thread started: User Thread Group 1-369
2025-03-28 17:16:03,943 INFO o.a.j.t.JMeterThread: Thread is done: User Thread Group 1-156
2025-03-28 17:16:03,943 INFO o.a.j.t.JMeterThread: Thread finished: User Thread Group 1-156
2025-03-28 17:16:03,972 INFO o.a.j.t.JMeterThread: Thread started: User Thread Group 1-370
2025-03-28 17:16:03,980 INFO o.a.j.t.JMeterThread: Thread is done: User Thread Group 1-157
2025-03-28 17:16:03,980 INFO o.a.j.t.JMeterThread: Thread finished: User Thread Group 1-157
2025-03-28 17:16:04,015 INFO o.a.j.t.JMeterThread: Thread started: User Thread Group 1-371
2025-03-28 17:16:04,028 INFO o.a.j.t.JMeterThread: Thread is done: User Thread Group 1-158
2025-03-28 17:16:04,028 INFO o.a.j.t.JMeterThread: Thread finished: User Thread Group 1-158
2025-03-28 17:16:04,060 INFO o.a.j.t.JMeterThread: Thread started: User Thread Group 1-372
2025-03-28 17:16:04,071 INFO o.a.j.t.JMeterThread: Thread is done: User Thread Group 1-159
2025-03-28 17:16:04,071 INFO o.a.j.t.JMeterThread: Thread finished: User Thread Group 1-159
2025-03-28 17:16:04,105 INFO o.a.j.t.JMeterThread: Thread started: User Thread Group 1-373
2025-03-28 17:16:04,150 INFO o.a.j.t.JMeterThread: Thread is done: User Thread Group 1-160
2025-03-28 17:16:04,150 INFO o.a.j.t.JMeterThread: Thread finished: User Thread Group 1-160
2025-03-28 17:16:04,150 INFO o.a.j.t.JMeterThread: Thread started: User Thread Group 1-374
2025-03-28 17:16:04,157 INFO o.a.j.t.JMeterThread: Thread is done: User Thread Group 1-161
2025-03-28 17:16:04,157 INFO o.a.j.t.JMeterThread: Thread finished: User Thread Group 1-161
2025-03-28 17:16:04,196 INFO o.a.j.t.JMeterThread: Thread started: User Thread Group 1-375
2025-03-28 17:16:04,237 INFO o.a.j.t.JMeterThread: Thread is done: User Thread Group 1-162
2025-03-28 17:16:04,238 INFO o.a.j.t.JMeterThread: Thread finished: User Thread Group 1-162
2025-03-28 17:16:04,240 INFO o.a.j.t.JMeterThread: Thread started: User Thread Group 1-376
2025-03-28 17:16:04,256 INFO o.a.j.t.JMeterThread: Thread is done: User Thread Group 1-163
2025-03-28 17:16:04,256 INFO o.a.j.t.JMeterThread: Thread finished: User Thread Group 1-163
2025-03-28 17:16:04,286 INFO o.a.j.t.JMeterThread: Thread started: User Thread Group 1-377
2025-03-28 17:16:04,319 INFO o.a.j.t.JMeterThread: Thread is done: User Thread Group 1-164
2025-03-28 17:16:04,319 INFO o.a.j.t.JMeterThread: Thread finished: User Thread Group 1-164
2025-03-28 17:16:04,330 INFO o.a.j.t.JMeterThread: Thread started: User Thread Group 1-378
2025-03-28 17:16:04,349 INFO o.a.j.t.JMeterThread: Thread is done: User Thread Group 1-165
2025-03-28 17:16:04,349 INFO o.a.j.t.JMeterThread: Thread finished: User Thread Group 1-165
2025-03-28 17:16:04,375 INFO o.a.j.t.JMeterThread: Thread started: User Thread Group 1-379
2025-03-28 17:16:04,387 INFO o.a.j.t.JMeterThread: Thread is done: User Thread Group 1-166
2025-03-28 17:16:04,387 INFO o.a.j.t.JMeterThread: Thread finished: User Thread Group 1-166
2025-03-28 17:16:04,420 INFO o.a.j.t.JMeterThread: Thread started: User Thread Group 1-380
2025-03-28 17:16:04,466 INFO o.a.j.t.JMeterThread: Thread started: User Thread Group 1-381
2025-03-28 17:16:04,483 INFO o.a.j.t.JMeterThread: Thread is done: User Thread Group 1-168
2025-03-28 17:16:04,484 INFO o.a.j.t.JMeterThread: Thread finished: User Thread Group 1-168
2025-03-28 17:16:04,487 INFO o.a.j.t.JMeterThread: Thread is done: User Thread Group 1-167
2025-03-28 17:16:04,487 INFO o.a.j.t.JMeterThread: Thread finished: User Thread Group 1-167
2025-03-28 17:16:04,510 INFO o.a.j.t.JMeterThread: Thread started: User Thread Group 1-382
2025-03-28 17:16:04,520 INFO o.a.j.t.JMeterThread: Thread is done: User Thread Group 1-169
2025-03-28 17:16:04,520 INFO o.a.j.t.JMeterThread: Thread finished: User Thread Group 1-169
2025-03-28 17:16:04,557 INFO o.a.j.t.JMeterThread: Thread started: User Thread Group 1-383
2025-03-28 17:16:04,575 INFO o.a.j.t.JMeterThread: Thread is done: User Thread Group 1-170
2025-03-28 17:16:04,575 INFO o.a.j.t.JMeterThread: Thread finished: User Thread Group 1-170
2025-03-28 17:16:04,600 INFO o.a.j.t.JMeterThread: Thread started: User Thread Group 1-384
2025-03-28 17:16:04,641 INFO o.a.j.t.JMeterThread: Thread is done: User Thread Group 1-171
2025-03-28 17:16:04,641 INFO o.a.j.t.JMeterThread: Thread finished: User Thread Group 1-171
2025-03-28 17:16:04,645 INFO o.a.j.t.JMeterThread: Thread started: User Thread Group 1-385
2025-03-28 17:16:04,673 INFO o.a.j.t.JMeterThread: Thread is done: User Thread Group 1-172
2025-03-28 17:16:04,673 INFO o.a.j.t.JMeterThread: Thread finished: User Thread Group 1-172
2025-03-28 17:16:04,690 INFO o.a.j.t.JMeterThread: Thread started: User Thread Group 1-386
2025-03-28 17:16:04,705 INFO o.a.j.t.JMeterThread: Thread is done: User Thread Group 1-173
2025-03-28 17:16:04,705 INFO o.a.j.t.JMeterThread: Thread finished: User Thread Group 1-173
2025-03-28 17:16:04,735 INFO o.a.j.t.JMeterThread: Thread started: User Thread Group 1-387
2025-03-28 17:16:04,754 INFO o.a.j.t.JMeterThread: Thread is done: User Thread Group 1-174
2025-03-28 17:16:04,754 INFO o.a.j.t.JMeterThread: Thread finished: User Thread Group 1-174
2025-03-28 17:16:04,781 INFO o.a.j.t.JMeterThread: Thread started: User Thread Group 1-388
2025-03-28 17:16:04,785 INFO o.a.j.t.JMeterThread: Thread is done: User Thread Group 1-175
2025-03-28 17:16:04,785 INFO o.a.j.t.JMeterThread: Thread finished: User Thread Group 1-175
2025-03-28 17:16:04,826 INFO o.a.j.t.JMeterThread: Thread started: User Thread Group 1-389
2025-03-28 17:16:04,847 INFO o.a.j.t.JMeterThread: Thread is done: User Thread Group 1-176
2025-03-28 17:16:04,847 INFO o.a.j.t.JMeterThread: Thread finished: User Thread Group 1-176
2025-03-28 17:16:04,870 INFO o.a.j.t.JMeterThread: Thread started: User Thread Group 1-390
2025-03-28 17:16:04,898 INFO o.a.j.t.JMeterThread: Thread is done: User Thread Group 1-177
2025-03-28 17:16:04,898 INFO o.a.j.t.JMeterThread: Thread finished: User Thread Group 1-177
2025-03-28 17:16:04,916 INFO o.a.j.t.JMeterThread: Thread started: User Thread Group 1-391
2025-03-28 17:16:04,937 INFO o.a.j.t.JMeterThread: Thread is done: User Thread Group 1-178
2025-03-28 17:16:04,937 INFO o.a.j.t.JMeterThread: Thread finished: User Thread Group 1-178
2025-03-28 17:16:04,960 INFO o.a.j.t.JMeterThread: Thread started: User Thread Group 1-392
2025-03-28 17:16:04,981 INFO o.a.j.t.JMeterThread: Thread is done: User Thread Group 1-179
2025-03-28 17:16:04,981 INFO o.a.j.t.JMeterThread: Thread finished: User Thread Group 1-179
2025-03-28 17:16:05,006 INFO o.a.j.t.JMeterThread: Thread started: User Thread Group 1-393
2025-03-28 17:16:05,043 INFO o.a.j.t.JMeterThread: Thread is done: User Thread Group 1-180
2025-03-28 17:16:05,043 INFO o.a.j.t.JMeterThread: Thread finished: User Thread Group 1-180
2025-03-28 17:16:05,050 INFO o.a.j.t.JMeterThread: Thread started: User Thread Group 1-394
2025-03-28 17:16:05,095 INFO o.a.j.t.JMeterThread: Thread started: User Thread Group 1-395
2025-03-28 17:16:05,103 INFO o.a.j.t.JMeterThread: Thread is done: User Thread Group 1-181
2025-03-28 17:16:05,104 INFO o.a.j.t.JMeterThread: Thread finished: User Thread Group 1-181
2025-03-28 17:16:05,139 INFO o.a.j.t.JMeterThread: Thread is done: User Thread Group 1-182
2025-03-28 17:16:05,139 INFO o.a.j.t.JMeterThread: Thread finished: User Thread Group 1-182
2025-03-28 17:16:05,140 INFO o.a.j.t.JMeterThread: Thread started: User Thread Group 1-396
2025-03-28 17:16:05,186 INFO o.a.j.t.JMeterThread: Thread started: User Thread Group 1-397
2025-03-28 17:16:05,189 INFO o.a.j.t.JMeterThread: Thread is done: User Thread Group 1-183
2025-03-28 17:16:05,189 INFO o.a.j.t.JMeterThread: Thread finished: User Thread Group 1-183
2025-03-28 17:16:05,214 INFO o.a.j.t.JMeterThread: Thread is done: User Thread Group 1-184
2025-03-28 17:16:05,214 INFO o.a.j.t.JMeterThread: Thread finished: User Thread Group 1-184
2025-03-28 17:16:05,230 INFO o.a.j.t.JMeterThread: Thread started: User Thread Group 1-398
2025-03-28 17:16:05,257 INFO o.a.j.t.JMeterThread: Thread is done: User Thread Group 1-185
2025-03-28 17:16:05,257 INFO o.a.j.t.JMeterThread: Thread finished: User Thread Group 1-185
2025-03-28 17:16:05,276 INFO o.a.j.t.JMeterThread: Thread started: User Thread Group 1-399
2025-03-28 17:16:05,287 INFO o.a.j.t.JMeterThread: Thread is done: User Thread Group 1-186
2025-03-28 17:16:05,287 INFO o.a.j.t.JMeterThread: Thread finished: User Thread Group 1-186
2025-03-28 17:16:05,322 INFO o.a.j.t.JMeterThread: Thread started: User Thread Group 1-400
2025-03-28 17:16:05,335 INFO o.a.j.t.JMeterThread: Thread is done: User Thread Group 1-187
2025-03-28 17:16:05,335 INFO o.a.j.t.JMeterThread: Thread finished: User Thread Group 1-187
2025-03-28 17:16:05,365 INFO o.a.j.t.JMeterThread: Thread started: User Thread Group 1-401
2025-03-28 17:16:05,399 INFO o.a.j.t.JMeterThread: Thread is done: User Thread Group 1-188
2025-03-28 17:16:05,400 INFO o.a.j.t.JMeterThread: Thread finished: User Thread Group 1-188
2025-03-28 17:16:05,412 INFO o.a.j.t.JMeterThread: Thread started: User Thread Group 1-402
2025-03-28 17:16:05,423 INFO o.a.j.t.JMeterThread: Thread is done: User Thread Group 1-189
2025-03-28 17:16:05,423 INFO o.a.j.t.JMeterThread: Thread finished: User Thread Group 1-189
2025-03-28 17:16:05,453 INFO o.a.j.t.JMeterThread: Thread is done: User Thread Group 1-190
2025-03-28 17:16:05,454 INFO o.a.j.t.JMeterThread: Thread finished: User Thread Group 1-190
2025-03-28 17:16:05,456 INFO o.a.j.t.JMeterThread: Thread started: User Thread Group 1-403
2025-03-28 17:16:05,502 INFO o.a.j.t.JMeterThread: Thread started: User Thread Group 1-404
2025-03-28 17:16:05,519 INFO o.a.j.t.JMeterThread: Thread is done: User Thread Group 1-191
2025-03-28 17:16:05,520 INFO o.a.j.t.JMeterThread: Thread finished: User Thread Group 1-191
2025-03-28 17:16:05,545 INFO o.a.j.t.JMeterThread: Thread started: User Thread Group 1-405
2025-03-28 17:16:05,590 INFO o.a.j.t.JMeterThread: Thread is done: User Thread Group 1-192
2025-03-28 17:16:05,590 INFO o.a.j.t.JMeterThread: Thread finished: User Thread Group 1-192
2025-03-28 17:16:05,590 INFO o.a.j.t.JMeterThread: Thread started: User Thread Group 1-406
2025-03-28 17:16:05,597 INFO o.a.j.t.JMeterThread: Thread is done: User Thread Group 1-193
2025-03-28 17:16:05,597 INFO o.a.j.t.JMeterThread: Thread finished: User Thread Group 1-193
2025-03-28 17:16:05,637 INFO o.a.j.t.JMeterThread: Thread started: User Thread Group 1-407
2025-03-28 17:16:05,659 INFO o.a.j.t.JMeterThread: Thread is done: User Thread Group 1-194
2025-03-28 17:16:05,659 INFO o.a.j.t.JMeterThread: Thread finished: User Thread Group 1-194
2025-03-28 17:16:05,681 INFO o.a.j.t.JMeterThread: Thread started: User Thread Group 1-408
2025-03-28 17:16:05,709 INFO o.a.j.t.JMeterThread: Thread is done: User Thread Group 1-195
2025-03-28 17:16:05,709 INFO o.a.j.t.JMeterThread: Thread finished: User Thread Group 1-195
2025-03-28 17:16:05,726 INFO o.a.j.t.JMeterThread: Thread started: User Thread Group 1-409
2025-03-28 17:16:05,737 INFO o.a.j.t.JMeterThread: Thread is done: User Thread Group 1-196
2025-03-28 17:16:05,738 INFO o.a.j.t.JMeterThread: Thread finished: User Thread Group 1-196
2025-03-28 17:16:05,773 INFO o.a.j.t.JMeterThread: Thread started: User Thread Group 1-410
2025-03-28 17:16:05,806 INFO o.a.j.t.JMeterThread: Thread is done: User Thread Group 1-197
2025-03-28 17:16:05,806 INFO o.a.j.t.JMeterThread: Thread finished: User Thread Group 1-197
2025-03-28 17:16:05,817 INFO o.a.j.t.JMeterThread: Thread started: User Thread Group 1-411
2025-03-28 17:16:05,839 INFO o.a.j.t.JMeterThread: Thread is done: User Thread Group 1-198
2025-03-28 17:16:05,839 INFO o.a.j.t.JMeterThread: Thread finished: User Thread Group 1-198
2025-03-28 17:16:05,861 INFO o.a.j.t.JMeterThread: Thread started: User Thread Group 1-412
2025-03-28 17:16:05,882 INFO o.a.j.t.JMeterThread: Thread is done: User Thread Group 1-199
2025-03-28 17:16:05,882 INFO o.a.j.t.JMeterThread: Thread finished: User Thread Group 1-199
2025-03-28 17:16:05,904 INFO o.a.j.t.JMeterThread: Thread is done: User Thread Group 1-200
2025-03-28 17:16:05,904 INFO o.a.j.t.JMeterThread: Thread finished: User Thread Group 1-200
2025-03-28 17:16:05,905 INFO o.a.j.t.JMeterThread: Thread started: User Thread Group 1-413
2025-03-28 17:16:05,950 INFO o.a.j.t.JMeterThread: Thread started: User Thread Group 1-414
2025-03-28 17:16:05,964 INFO o.a.j.t.JMeterThread: Thread is done: User Thread Group 1-201
2025-03-28 17:16:05,965 INFO o.a.j.t.JMeterThread: Thread finished: User Thread Group 1-201
2025-03-28 17:16:05,995 INFO o.a.j.t.JMeterThread: Thread started: User Thread Group 1-415
2025-03-28 17:16:06,031 INFO o.a.j.t.JMeterThread: Thread is done: User Thread Group 1-202
2025-03-28 17:16:06,031 INFO o.a.j.t.JMeterThread: Thread finished: User Thread Group 1-202
2025-03-28 17:16:06,057 INFO o.a.j.t.JMeterThread: Thread started: User Thread Group 1-416
2025-03-28 17:16:06,067 INFO o.a.j.t.JMeterThread: Thread is done: User Thread Group 1-203
2025-03-28 17:16:06,068 INFO o.a.j.t.JMeterThread: Thread finished: User Thread Group 1-203
2025-03-28 17:16:06,086 INFO o.a.j.t.JMeterThread: Thread started: User Thread Group 1-417
2025-03-28 17:16:06,126 INFO o.a.j.t.JMeterThread: Thread is done: User Thread Group 1-204
2025-03-28 17:16:06,127 INFO o.a.j.t.JMeterThread: Thread finished: User Thread Group 1-204
2025-03-28 17:16:06,130 INFO o.a.j.t.JMeterThread: Thread started: User Thread Group 1-418
2025-03-28 17:16:06,176 INFO o.a.j.t.JMeterThread: Thread started: User Thread Group 1-419
2025-03-28 17:16:06,194 INFO o.a.j.t.JMeterThread: Thread is done: User Thread Group 1-205
2025-03-28 17:16:06,194 INFO o.a.j.t.JMeterThread: Thread finished: User Thread Group 1-205
2025-03-28 17:16:06,215 INFO o.a.j.t.JMeterThread: Thread is done: User Thread Group 1-206
2025-03-28 17:16:06,215 INFO o.a.j.t.JMeterThread: Thread finished: User Thread Group 1-206
2025-03-28 17:16:06,220 INFO o.a.j.t.JMeterThread: Thread started: User Thread Group 1-420
2025-03-28 17:16:06,259 INFO o.a.j.t.JMeterThread: Thread is done: User Thread Group 1-207
2025-03-28 17:16:06,259 INFO o.a.j.t.JMeterThread: Thread finished: User Thread Group 1-207
2025-03-28 17:16:06,266 INFO o.a.j.t.JMeterThread: Thread started: User Thread Group 1-421
2025-03-28 17:16:06,312 INFO o.a.j.t.JMeterThread: Thread started: User Thread Group 1-422
2025-03-28 17:16:06,336 INFO o.a.j.t.JMeterThread: Thread is done: User Thread Group 1-209
2025-03-28 17:16:06,337 INFO o.a.j.t.JMeterThread: Thread finished: User Thread Group 1-209
2025-03-28 17:16:06,339 INFO o.a.j.t.JMeterThread: Thread is done: User Thread Group 1-208
2025-03-28 17:16:06,339 INFO o.a.j.t.JMeterThread: Thread finished: User Thread Group 1-208
2025-03-28 17:16:06,352 INFO o.a.j.t.JMeterThread: Thread is done: User Thread Group 1-210
2025-03-28 17:16:06,352 INFO o.a.j.t.JMeterThread: Thread finished: User Thread Group 1-210
2025-03-28 17:16:06,355 INFO o.a.j.t.JMeterThread: Thread started: User Thread Group 1-423
2025-03-28 17:16:06,401 INFO o.a.j.t.JMeterThread: Thread started: User Thread Group 1-424
2025-03-28 17:16:06,429 INFO o.a.j.t.JMeterThread: Thread is done: User Thread Group 1-211
2025-03-28 17:16:06,429 INFO o.a.j.t.JMeterThread: Thread finished: User Thread Group 1-211
2025-03-28 17:16:06,446 INFO o.a.j.t.JMeterThread: Thread started: User Thread Group 1-425
2025-03-28 17:16:06,461 INFO o.a.j.t.JMeterThread: Thread is done: User Thread Group 1-212
2025-03-28 17:16:06,461 INFO o.a.j.t.JMeterThread: Thread finished: User Thread Group 1-212
2025-03-28 17:16:06,490 INFO o.a.j.t.JMeterThread: Thread started: User Thread Group 1-426
2025-03-28 17:16:06,502 INFO o.a.j.t.JMeterThread: Thread is done: User Thread Group 1-213
2025-03-28 17:16:06,503 INFO o.a.j.t.JMeterThread: Thread finished: User Thread Group 1-213
2025-03-28 17:16:06,536 INFO o.a.j.t.JMeterThread: Thread is done: User Thread Group 1-214
2025-03-28 17:16:06,536 INFO o.a.j.t.JMeterThread: Thread finished: User Thread Group 1-214
2025-03-28 17:16:06,537 INFO o.a.j.t.JMeterThread: Thread started: User Thread Group 1-427
2025-03-28 17:16:06,581 INFO o.a.j.t.JMeterThread: Thread started: User Thread Group 1-428
2025-03-28 17:16:06,617 INFO o.a.j.t.JMeterThread: Thread is done: User Thread Group 1-215
2025-03-28 17:16:06,617 INFO o.a.j.t.JMeterThread: Thread finished: User Thread Group 1-215
2025-03-28 17:16:06,626 INFO o.a.j.t.JMeterThread: Thread started: User Thread Group 1-429
2025-03-28 17:16:06,667 INFO o.a.j.t.JMeterThread: Thread is done: User Thread Group 1-216
2025-03-28 17:16:06,667 INFO o.a.j.t.JMeterThread: Thread finished: User Thread Group 1-216
2025-03-28 17:16:06,672 INFO o.a.j.t.JMeterThread: Thread started: User Thread Group 1-430
2025-03-28 17:16:06,708 INFO o.a.j.t.JMeterThread: Thread is done: User Thread Group 1-217
2025-03-28 17:16:06,708 INFO o.a.j.t.JMeterThread: Thread finished: User Thread Group 1-217
2025-03-28 17:16:06,715 INFO o.a.j.t.JMeterThread: Thread started: User Thread Group 1-431
2025-03-28 17:16:06,716 INFO o.a.j.t.JMeterThread: Thread is done: User Thread Group 1-218
2025-03-28 17:16:06,717 INFO o.a.j.t.JMeterThread: Thread finished: User Thread Group 1-218
2025-03-28 17:16:06,762 INFO o.a.j.t.JMeterThread: Thread started: User Thread Group 1-432
2025-03-28 17:16:06,782 INFO o.a.j.t.JMeterThread: Thread is done: User Thread Group 1-219
2025-03-28 17:16:06,783 INFO o.a.j.t.JMeterThread: Thread finished: User Thread Group 1-219
2025-03-28 17:16:06,805 INFO o.a.j.t.JMeterThread: Thread started: User Thread Group 1-433
2025-03-28 17:16:06,848 INFO o.a.j.t.JMeterThread: Thread is done: User Thread Group 1-220
2025-03-28 17:16:06,848 INFO o.a.j.t.JMeterThread: Thread finished: User Thread Group 1-220
2025-03-28 17:16:06,851 INFO o.a.j.t.JMeterThread: Thread started: User Thread Group 1-434
2025-03-28 17:16:06,876 INFO o.a.j.t.JMeterThread: Thread is done: User Thread Group 1-221
2025-03-28 17:16:06,876 INFO o.a.j.t.JMeterThread: Thread finished: User Thread Group 1-221
2025-03-28 17:16:06,896 INFO o.a.j.t.JMeterThread: Thread started: User Thread Group 1-435
2025-03-28 17:16:06,908 INFO o.a.j.t.JMeterThread: Thread is done: User Thread Group 1-222
2025-03-28 17:16:06,908 INFO o.a.j.t.JMeterThread: Thread finished: User Thread Group 1-222
2025-03-28 17:16:06,941 INFO o.a.j.t.JMeterThread: Thread started: User Thread Group 1-436
2025-03-28 17:16:06,950 INFO o.a.j.t.JMeterThread: Thread is done: User Thread Group 1-223
2025-03-28 17:16:06,951 INFO o.a.j.t.JMeterThread: Thread finished: User Thread Group 1-223
2025-03-28 17:16:06,987 INFO o.a.j.t.JMeterThread: Thread started: User Thread Group 1-437
2025-03-28 17:16:07,006 INFO o.a.j.t.JMeterThread: Thread is done: User Thread Group 1-224
2025-03-28 17:16:07,007 INFO o.a.j.t.JMeterThread: Thread finished: User Thread Group 1-224
2025-03-28 17:16:07,030 INFO o.a.j.t.JMeterThread: Thread started: User Thread Group 1-438
2025-03-28 17:16:07,037 INFO o.a.j.t.JMeterThread: Thread is done: User Thread Group 1-225
2025-03-28 17:16:07,037 INFO o.a.j.t.JMeterThread: Thread finished: User Thread Group 1-225
2025-03-28 17:16:07,075 INFO o.a.j.t.JMeterThread: Thread started: User Thread Group 1-439
2025-03-28 17:16:07,091 INFO o.a.j.t.JMeterThread: Thread is done: User Thread Group 1-226
2025-03-28 17:16:07,091 INFO o.a.j.t.JMeterThread: Thread finished: User Thread Group 1-226
2025-03-28 17:16:07,120 INFO o.a.j.t.JMeterThread: Thread started: User Thread Group 1-440
2025-03-28 17:16:07,139 INFO o.a.j.t.JMeterThread: Thread is done: User Thread Group 1-227
2025-03-28 17:16:07,139 INFO o.a.j.t.JMeterThread: Thread finished: User Thread Group 1-227
2025-03-28 17:16:07,165 INFO o.a.j.t.JMeterThread: Thread started: User Thread Group 1-441
2025-03-28 17:16:07,196 INFO o.a.j.t.JMeterThread: Thread is done: User Thread Group 1-228
2025-03-28 17:16:07,196 INFO o.a.j.t.JMeterThread: Thread finished: User Thread Group 1-228
2025-03-28 17:16:07,210 INFO o.a.j.t.JMeterThread: Thread started: User Thread Group 1-442
2025-03-28 17:16:07,255 INFO o.a.j.t.JMeterThread: Thread started: User Thread Group 1-443
2025-03-28 17:16:07,259 INFO o.a.j.t.JMeterThread: Thread is done: User Thread Group 1-229
2025-03-28 17:16:07,259 INFO o.a.j.t.JMeterThread: Thread finished: User Thread Group 1-229
2025-03-28 17:16:07,261 INFO o.a.j.t.JMeterThread: Thread is done: User Thread Group 1-230
2025-03-28 17:16:07,261 INFO o.a.j.t.JMeterThread: Thread finished: User Thread Group 1-230
2025-03-28 17:16:07,301 INFO o.a.j.t.JMeterThread: Thread started: User Thread Group 1-444
2025-03-28 17:16:07,323 INFO o.a.j.t.JMeterThread: Thread is done: User Thread Group 1-231
2025-03-28 17:16:07,323 INFO o.a.j.t.JMeterThread: Thread finished: User Thread Group 1-231
2025-03-28 17:16:07,345 INFO o.a.j.t.JMeterThread: Thread started: User Thread Group 1-445
2025-03-28 17:16:07,372 INFO o.a.j.t.JMeterThread: Thread is done: User Thread Group 1-232
2025-03-28 17:16:07,372 INFO o.a.j.t.JMeterThread: Thread finished: User Thread Group 1-232
2025-03-28 17:16:07,390 INFO o.a.j.t.JMeterThread: Thread started: User Thread Group 1-446
2025-03-28 17:16:07,409 INFO o.a.j.t.JMeterThread: Thread is done: User Thread Group 1-233
2025-03-28 17:16:07,410 INFO o.a.j.t.JMeterThread: Thread finished: User Thread Group 1-233
2025-03-28 17:16:07,435 INFO o.a.j.t.JMeterThread: Thread started: User Thread Group 1-447
2025-03-28 17:16:07,438 INFO o.a.j.t.JMeterThread: Thread is done: User Thread Group 1-234
2025-03-28 17:16:07,438 INFO o.a.j.t.JMeterThread: Thread finished: User Thread Group 1-234
2025-03-28 17:16:07,481 INFO o.a.j.t.JMeterThread: Thread started: User Thread Group 1-448
2025-03-28 17:16:07,496 INFO o.a.j.t.JMeterThread: Thread is done: User Thread Group 1-235
2025-03-28 17:16:07,496 INFO o.a.j.t.JMeterThread: Thread finished: User Thread Group 1-235
2025-03-28 17:16:07,526 INFO o.a.j.t.JMeterThread: Thread started: User Thread Group 1-449
2025-03-28 17:16:07,570 INFO o.a.j.t.JMeterThread: Thread started: User Thread Group 1-450
2025-03-28 17:16:07,581 INFO o.a.j.t.JMeterThread: Thread is done: User Thread Group 1-236
2025-03-28 17:16:07,581 INFO o.a.j.t.JMeterThread: Thread finished: User Thread Group 1-236
2025-03-28 17:16:07,615 INFO o.a.j.t.JMeterThread: Thread is done: User Thread Group 1-237
2025-03-28 17:16:07,616 INFO o.a.j.t.JMeterThread: Thread finished: User Thread Group 1-237
2025-03-28 17:16:07,616 INFO o.a.j.t.JMeterThread: Thread started: User Thread Group 1-451
2025-03-28 17:16:07,642 INFO o.a.j.t.JMeterThread: Thread is done: User Thread Group 1-238
2025-03-28 17:16:07,642 INFO o.a.j.t.JMeterThread: Thread finished: User Thread Group 1-238
2025-03-28 17:16:07,660 INFO o.a.j.t.JMeterThread: Thread started: User Thread Group 1-452
2025-03-28 17:16:07,662 INFO o.a.j.t.JMeterThread: Thread is done: User Thread Group 1-239
2025-03-28 17:16:07,662 INFO o.a.j.t.JMeterThread: Thread finished: User Thread Group 1-239
2025-03-28 17:16:07,705 INFO o.a.j.t.JMeterThread: Thread started: User Thread Group 1-453
2025-03-28 17:16:07,731 INFO o.a.j.t.JMeterThread: Thread is done: User Thread Group 1-240
2025-03-28 17:16:07,731 INFO o.a.j.t.JMeterThread: Thread finished: User Thread Group 1-240
2025-03-28 17:16:07,751 INFO o.a.j.t.JMeterThread: Thread started: User Thread Group 1-454
2025-03-28 17:16:07,763 INFO o.a.j.t.JMeterThread: Thread is done: User Thread Group 1-241
2025-03-28 17:16:07,763 INFO o.a.j.t.JMeterThread: Thread finished: User Thread Group 1-241
2025-03-28 17:16:07,796 INFO o.a.j.t.JMeterThread: Thread started: User Thread Group 1-455
2025-03-28 17:16:07,816 INFO o.a.j.t.JMeterThread: Thread is done: User Thread Group 1-242
2025-03-28 17:16:07,816 INFO o.a.j.t.JMeterThread: Thread finished: User Thread Group 1-242
2025-03-28 17:16:07,840 INFO o.a.j.t.JMeterThread: Thread started: User Thread Group 1-456
2025-03-28 17:16:07,856 INFO o.a.j.t.JMeterThread: Thread is done: User Thread Group 1-243
2025-03-28 17:16:07,856 INFO o.a.j.t.JMeterThread: Thread finished: User Thread Group 1-243
2025-03-28 17:16:07,886 INFO o.a.j.t.JMeterThread: Thread started: User Thread Group 1-457
2025-03-28 17:16:07,907 INFO o.a.j.t.JMeterThread: Thread is done: User Thread Group 1-244
2025-03-28 17:16:07,907 INFO o.a.j.t.JMeterThread: Thread finished: User Thread Group 1-244
2025-03-28 17:16:07,930 INFO o.a.j.t.JMeterThread: Thread started: User Thread Group 1-458
2025-03-28 17:16:07,934 INFO o.a.j.t.JMeterThread: Thread is done: User Thread Group 1-245
2025-03-28 17:16:07,934 INFO o.a.j.t.JMeterThread: Thread finished: User Thread Group 1-245
2025-03-28 17:16:07,969 INFO o.a.j.t.JMeterThread: Thread is done: User Thread Group 1-246
2025-03-28 17:16:07,969 INFO o.a.j.t.JMeterThread: Thread finished: User Thread Group 1-246
2025-03-28 17:16:07,975 INFO o.a.j.t.JMeterThread: Thread started: User Thread Group 1-459
2025-03-28 17:16:08,021 INFO o.a.j.t.JMeterThread: Thread started: User Thread Group 1-460
2025-03-28 17:16:08,050 INFO o.a.j.t.JMeterThread: Thread is done: User Thread Group 1-247
2025-03-28 17:16:08,051 INFO o.a.j.t.JMeterThread: Thread finished: User Thread Group 1-247
2025-03-28 17:16:08,065 INFO o.a.j.t.JMeterThread: Thread started: User Thread Group 1-461
2025-03-28 17:16:08,073 INFO o.a.j.t.JMeterThread: Thread is done: User Thread Group 1-248
2025-03-28 17:16:08,074 INFO o.a.j.t.JMeterThread: Thread finished: User Thread Group 1-248
2025-03-28 17:16:08,110 INFO o.a.j.t.JMeterThread: Thread started: User Thread Group 1-462
2025-03-28 17:16:08,150 INFO o.a.j.t.JMeterThread: Thread is done: User Thread Group 1-249
2025-03-28 17:16:08,150 INFO o.a.j.t.JMeterThread: Thread finished: User Thread Group 1-249
2025-03-28 17:16:08,156 INFO o.a.j.t.JMeterThread: Thread started: User Thread Group 1-463
2025-03-28 17:16:08,162 INFO o.a.j.t.JMeterThread: Thread is done: User Thread Group 1-250
2025-03-28 17:16:08,162 INFO o.a.j.t.JMeterThread: Thread finished: User Thread Group 1-250
2025-03-28 17:16:08,201 INFO o.a.j.t.JMeterThread: Thread started: User Thread Group 1-464
2025-03-28 17:16:08,213 INFO o.a.j.t.JMeterThread: Thread is done: User Thread Group 1-251
2025-03-28 17:16:08,213 INFO o.a.j.t.JMeterThread: Thread finished: User Thread Group 1-251
2025-03-28 17:16:08,245 INFO o.a.j.t.JMeterThread: Thread started: User Thread Group 1-465
2025-03-28 17:16:08,265 INFO o.a.j.t.JMeterThread: Thread is done: User Thread Group 1-252
2025-03-28 17:16:08,265 INFO o.a.j.t.JMeterThread: Thread finished: User Thread Group 1-252
2025-03-28 17:16:08,288 INFO o.a.j.t.JMeterThread: Thread is done: User Thread Group 1-253
2025-03-28 17:16:08,288 INFO o.a.j.t.JMeterThread: Thread finished: User Thread Group 1-253
2025-03-28 17:16:08,291 INFO o.a.j.t.JMeterThread: Thread started: User Thread Group 1-466
2025-03-28 17:16:08,338 INFO o.a.j.t.JMeterThread: Thread started: User Thread Group 1-467
2025-03-28 17:16:08,365 INFO o.a.j.t.JMeterThread: Thread is done: User Thread Group 1-254
2025-03-28 17:16:08,365 INFO o.a.j.t.JMeterThread: Thread finished: User Thread Group 1-254
2025-03-28 17:16:08,380 INFO o.a.j.t.JMeterThread: Thread started: User Thread Group 1-468
2025-03-28 17:16:08,388 INFO o.a.j.t.JMeterThread: Thread is done: User Thread Group 1-255
2025-03-28 17:16:08,388 INFO o.a.j.t.JMeterThread: Thread finished: User Thread Group 1-255
2025-03-28 17:16:08,426 INFO o.a.j.t.JMeterThread: Thread started: User Thread Group 1-469
2025-03-28 17:16:08,444 INFO o.a.j.t.JMeterThread: Thread is done: User Thread Group 1-256
2025-03-28 17:16:08,444 INFO o.a.j.t.JMeterThread: Thread finished: User Thread Group 1-256
2025-03-28 17:16:08,467 INFO o.a.j.t.JMeterThread: Thread is done: User Thread Group 1-257
2025-03-28 17:16:08,467 INFO o.a.j.t.JMeterThread: Thread finished: User Thread Group 1-257
2025-03-28 17:16:08,470 INFO o.a.j.t.JMeterThread: Thread started: User Thread Group 1-470
2025-03-28 17:16:08,512 INFO o.a.j.t.JMeterThread: Thread is done: User Thread Group 1-258
2025-03-28 17:16:08,512 INFO o.a.j.t.JMeterThread: Thread finished: User Thread Group 1-258
2025-03-28 17:16:08,516 INFO o.a.j.t.JMeterThread: Thread started: User Thread Group 1-471
2025-03-28 17:16:08,561 INFO o.a.j.t.JMeterThread: Thread started: User Thread Group 1-472
2025-03-28 17:16:08,578 INFO o.a.j.t.JMeterThread: Thread is done: User Thread Group 1-259
2025-03-28 17:16:08,578 INFO o.a.j.t.JMeterThread: Thread finished: User Thread Group 1-259
2025-03-28 17:16:08,606 INFO o.a.j.t.JMeterThread: Thread started: User Thread Group 1-473
2025-03-28 17:16:08,623 INFO o.a.j.t.JMeterThread: Thread is done: User Thread Group 1-260
2025-03-28 17:16:08,624 INFO o.a.j.t.JMeterThread: Thread finished: User Thread Group 1-260
2025-03-28 17:16:08,650 INFO o.a.j.t.JMeterThread: Thread started: User Thread Group 1-474
2025-03-28 17:16:08,663 INFO o.a.j.t.JMeterThread: Thread is done: User Thread Group 1-261
2025-03-28 17:16:08,663 INFO o.a.j.t.JMeterThread: Thread finished: User Thread Group 1-261
2025-03-28 17:16:08,695 INFO o.a.j.t.JMeterThread: Thread started: User Thread Group 1-475
2025-03-28 17:16:08,697 INFO o.a.j.t.JMeterThread: Thread is done: User Thread Group 1-262
2025-03-28 17:16:08,697 INFO o.a.j.t.JMeterThread: Thread finished: User Thread Group 1-262
2025-03-28 17:16:08,739 INFO o.a.j.t.JMeterThread: Thread is done: User Thread Group 1-263
2025-03-28 17:16:08,739 INFO o.a.j.t.JMeterThread: Thread finished: User Thread Group 1-263
2025-03-28 17:16:08,741 INFO o.a.j.t.JMeterThread: Thread started: User Thread Group 1-476
2025-03-28 17:16:08,785 INFO o.a.j.t.JMeterThread: Thread started: User Thread Group 1-477
2025-03-28 17:16:08,807 INFO o.a.j.t.JMeterThread: Thread is done: User Thread Group 1-264
2025-03-28 17:16:08,807 INFO o.a.j.t.JMeterThread: Thread finished: User Thread Group 1-264
2025-03-28 17:16:08,830 INFO o.a.j.t.JMeterThread: Thread started: User Thread Group 1-478
2025-03-28 17:16:08,854 INFO o.a.j.t.JMeterThread: Thread is done: User Thread Group 1-265
2025-03-28 17:16:08,854 INFO o.a.j.t.JMeterThread: Thread finished: User Thread Group 1-265
2025-03-28 17:16:08,876 INFO o.a.j.t.JMeterThread: Thread started: User Thread Group 1-479
2025-03-28 17:16:08,881 INFO o.a.j.t.JMeterThread: Thread is done: User Thread Group 1-266
2025-03-28 17:16:08,881 INFO o.a.j.t.JMeterThread: Thread finished: User Thread Group 1-266
2025-03-28 17:16:08,920 INFO o.a.j.t.JMeterThread: Thread started: User Thread Group 1-480
2025-03-28 17:16:08,938 INFO o.a.j.t.JMeterThread: Thread is done: User Thread Group 1-267
2025-03-28 17:16:08,938 INFO o.a.j.t.JMeterThread: Thread finished: User Thread Group 1-267
2025-03-28 17:16:08,966 INFO o.a.j.t.JMeterThread: Thread started: User Thread Group 1-481
2025-03-28 17:16:08,971 INFO o.a.j.t.JMeterThread: Thread is done: User Thread Group 1-268
2025-03-28 17:16:08,971 INFO o.a.j.t.JMeterThread: Thread finished: User Thread Group 1-268
2025-03-28 17:16:09,010 INFO o.a.j.t.JMeterThread: Thread started: User Thread Group 1-482
2025-03-28 17:16:09,049 INFO o.a.j.t.JMeterThread: Thread is done: User Thread Group 1-270
2025-03-28 17:16:09,049 INFO o.a.j.t.JMeterThread: Thread finished: User Thread Group 1-270
2025-03-28 17:16:09,051 INFO o.a.j.t.JMeterThread: Thread is done: User Thread Group 1-269
2025-03-28 17:16:09,051 INFO o.a.j.t.JMeterThread: Thread finished: User Thread Group 1-269
2025-03-28 17:16:09,055 INFO o.a.j.t.JMeterThread: Thread started: User Thread Group 1-483
2025-03-28 17:16:09,091 INFO o.a.j.t.JMeterThread: Thread is done: User Thread Group 1-271
2025-03-28 17:16:09,092 INFO o.a.j.t.JMeterThread: Thread finished: User Thread Group 1-271
2025-03-28 17:16:09,100 INFO o.a.j.t.JMeterThread: Thread started: User Thread Group 1-484
2025-03-28 17:16:09,143 INFO o.a.j.t.JMeterThread: Thread is done: User Thread Group 1-272
2025-03-28 17:16:09,143 INFO o.a.j.t.JMeterThread: Thread finished: User Thread Group 1-272
2025-03-28 17:16:09,146 INFO o.a.j.t.JMeterThread: Thread started: User Thread Group 1-485
2025-03-28 17:16:09,181 INFO o.a.j.t.JMeterThread: Thread is done: User Thread Group 1-273
2025-03-28 17:16:09,182 INFO o.a.j.t.JMeterThread: Thread finished: User Thread Group 1-273
2025-03-28 17:16:09,190 INFO o.a.j.t.JMeterThread: Thread started: User Thread Group 1-486
2025-03-28 17:16:09,236 INFO o.a.j.t.JMeterThread: Thread started: User Thread Group 1-487
2025-03-28 17:16:09,258 INFO o.a.j.t.JMeterThread: Thread is done: User Thread Group 1-274
2025-03-28 17:16:09,258 INFO o.a.j.t.JMeterThread: Thread finished: User Thread Group 1-274
2025-03-28 17:16:09,280 INFO o.a.j.t.JMeterThread: Thread started: User Thread Group 1-488
2025-03-28 17:16:09,294 INFO o.a.j.t.JMeterThread: Thread is done: User Thread Group 1-275
2025-03-28 17:16:09,294 INFO o.a.j.t.JMeterThread: Thread finished: User Thread Group 1-275
2025-03-28 17:16:09,325 INFO o.a.j.t.JMeterThread: Thread is done: User Thread Group 1-276
2025-03-28 17:16:09,325 INFO o.a.j.t.JMeterThread: Thread started: User Thread Group 1-489
2025-03-28 17:16:09,325 INFO o.a.j.t.JMeterThread: Thread finished: User Thread Group 1-276
2025-03-28 17:16:09,370 INFO o.a.j.t.JMeterThread: Thread started: User Thread Group 1-490
2025-03-28 17:16:09,396 INFO o.a.j.t.JMeterThread: Thread is done: User Thread Group 1-277
2025-03-28 17:16:09,396 INFO o.a.j.t.JMeterThread: Thread finished: User Thread Group 1-277
2025-03-28 17:16:09,417 INFO o.a.j.t.JMeterThread: Thread started: User Thread Group 1-491
2025-03-28 17:16:09,429 INFO o.a.j.t.JMeterThread: Thread is done: User Thread Group 1-278
2025-03-28 17:16:09,429 INFO o.a.j.t.JMeterThread: Thread finished: User Thread Group 1-278
2025-03-28 17:16:09,461 INFO o.a.j.t.JMeterThread: Thread started: User Thread Group 1-492
2025-03-28 17:16:09,495 INFO o.a.j.t.JMeterThread: Thread is done: User Thread Group 1-279
2025-03-28 17:16:09,496 INFO o.a.j.t.JMeterThread: Thread finished: User Thread Group 1-279
2025-03-28 17:16:09,505 INFO o.a.j.t.JMeterThread: Thread started: User Thread Group 1-493
2025-03-28 17:16:09,512 INFO o.a.j.t.JMeterThread: Thread is done: User Thread Group 1-280
2025-03-28 17:16:09,512 INFO o.a.j.t.JMeterThread: Thread finished: User Thread Group 1-280
2025-03-28 17:16:09,545 INFO o.a.j.t.JMeterThread: Thread is done: User Thread Group 1-281
2025-03-28 17:16:09,546 INFO o.a.j.t.JMeterThread: Thread finished: User Thread Group 1-281
2025-03-28 17:16:09,550 INFO o.a.j.t.JMeterThread: Thread started: User Thread Group 1-494
2025-03-28 17:16:09,596 INFO o.a.j.t.JMeterThread: Thread started: User Thread Group 1-495
2025-03-28 17:16:09,608 INFO o.a.j.t.JMeterThread: Thread is done: User Thread Group 1-282
2025-03-28 17:16:09,608 INFO o.a.j.t.JMeterThread: Thread finished: User Thread Group 1-282
2025-03-28 17:16:09,642 INFO o.a.j.t.JMeterThread: Thread started: User Thread Group 1-496
2025-03-28 17:16:09,652 INFO o.a.j.t.JMeterThread: Thread is done: User Thread Group 1-283
2025-03-28 17:16:09,653 INFO o.a.j.t.JMeterThread: Thread finished: User Thread Group 1-283
2025-03-28 17:16:09,682 INFO o.a.j.t.JMeterThread: Thread is done: User Thread Group 1-284
2025-03-28 17:16:09,682 INFO o.a.j.t.JMeterThread: Thread finished: User Thread Group 1-284
2025-03-28 17:16:09,685 INFO o.a.j.t.JMeterThread: Thread started: User Thread Group 1-497
2025-03-28 17:16:09,730 INFO o.a.j.t.JMeterThread: Thread started: User Thread Group 1-498
2025-03-28 17:16:09,730 INFO o.a.j.t.JMeterThread: Thread is done: User Thread Group 1-285
2025-03-28 17:16:09,731 INFO o.a.j.t.JMeterThread: Thread finished: User Thread Group 1-285
2025-03-28 17:16:09,772 INFO o.a.j.t.JMeterThread: Thread is done: User Thread Group 1-286
2025-03-28 17:16:09,773 INFO o.a.j.t.JMeterThread: Thread finished: User Thread Group 1-286
2025-03-28 17:16:09,775 INFO o.a.j.t.JMeterThread: Thread started: User Thread Group 1-499
2025-03-28 17:16:09,820 INFO o.a.j.t.JMeterThread: Thread started: User Thread Group 1-500
2025-03-28 17:16:09,835 INFO o.a.j.t.JMeterThread: Thread is done: User Thread Group 1-287
2025-03-28 17:16:09,835 INFO o.a.j.t.JMeterThread: Thread finished: User Thread Group 1-287
2025-03-28 17:16:09,867 INFO o.a.j.t.JMeterThread: Thread started: User Thread Group 1-501
2025-03-28 17:16:09,900 INFO o.a.j.t.JMeterThread: Thread is done: User Thread Group 1-288
2025-03-28 17:16:09,900 INFO o.a.j.t.JMeterThread: Thread finished: User Thread Group 1-288
2025-03-28 17:16:09,910 INFO o.a.j.t.JMeterThread: Thread started: User Thread Group 1-502
2025-03-28 17:16:09,929 INFO o.a.j.t.JMeterThread: Thread is done: User Thread Group 1-289
2025-03-28 17:16:09,929 INFO o.a.j.t.JMeterThread: Thread finished: User Thread Group 1-289
2025-03-28 17:16:09,955 INFO o.a.j.t.JMeterThread: Thread started: User Thread Group 1-503
2025-03-28 17:16:09,993 INFO o.a.j.t.JMeterThread: Thread is done: User Thread Group 1-290
2025-03-28 17:16:09,993 INFO o.a.j.t.JMeterThread: Thread finished: User Thread Group 1-290
2025-03-28 17:16:09,995 INFO o.a.j.t.JMeterThread: Thread is done: User Thread Group 1-291
2025-03-28 17:16:09,995 INFO o.a.j.t.JMeterThread: Thread finished: User Thread Group 1-291
2025-03-28 17:16:10,000 INFO o.a.j.t.JMeterThread: Thread started: User Thread Group 1-504
2025-03-28 17:16:10,045 INFO o.a.j.t.JMeterThread: Thread is done: User Thread Group 1-292
2025-03-28 17:16:10,045 INFO o.a.j.t.JMeterThread: Thread finished: User Thread Group 1-292
2025-03-28 17:16:10,045 INFO o.a.j.t.JMeterThread: Thread started: User Thread Group 1-505
2025-03-28 17:16:10,091 INFO o.a.j.t.JMeterThread: Thread started: User Thread Group 1-506
2025-03-28 17:16:10,106 INFO o.a.j.t.JMeterThread: Thread is done: User Thread Group 1-293
2025-03-28 17:16:10,106 INFO o.a.j.t.JMeterThread: Thread finished: User Thread Group 1-293
2025-03-28 17:16:10,122 INFO o.a.j.t.JMeterThread: Thread is done: User Thread Group 1-294
2025-03-28 17:16:10,122 INFO o.a.j.t.JMeterThread: Thread finished: User Thread Group 1-294
2025-03-28 17:16:10,135 INFO o.a.j.t.JMeterThread: Thread started: User Thread Group 1-507
2025-03-28 17:16:10,181 INFO o.a.j.t.JMeterThread: Thread started: User Thread Group 1-508
2025-03-28 17:16:10,184 INFO o.a.j.t.JMeterThread: Thread is done: User Thread Group 1-295
2025-03-28 17:16:10,184 INFO o.a.j.t.JMeterThread: Thread finished: User Thread Group 1-295
2025-03-28 17:16:10,221 INFO o.a.j.t.JMeterThread: Thread is done: User Thread Group 1-296
2025-03-28 17:16:10,221 INFO o.a.j.t.JMeterThread: Thread finished: User Thread Group 1-296
2025-03-28 17:16:10,226 INFO o.a.j.t.JMeterThread: Thread started: User Thread Group 1-509
2025-03-28 17:16:10,266 INFO o.a.j.t.JMeterThread: Thread is done: User Thread Group 1-297
2025-03-28 17:16:10,266 INFO o.a.j.t.JMeterThread: Thread finished: User Thread Group 1-297
2025-03-28 17:16:10,271 INFO o.a.j.t.JMeterThread: Thread started: User Thread Group 1-510
2025-03-28 17:16:10,316 INFO o.a.j.t.JMeterThread: Thread started: User Thread Group 1-511
2025-03-28 17:16:10,325 INFO o.a.j.t.JMeterThread: Thread is done: User Thread Group 1-298
2025-03-28 17:16:10,325 INFO o.a.j.t.JMeterThread: Thread finished: User Thread Group 1-298
2025-03-28 17:16:10,360 INFO o.a.j.t.JMeterThread: Thread started: User Thread Group 1-512
2025-03-28 17:16:10,395 INFO o.a.j.t.JMeterThread: Thread is done: User Thread Group 1-299
2025-03-28 17:16:10,395 INFO o.a.j.t.JMeterThread: Thread finished: User Thread Group 1-299
2025-03-28 17:16:10,405 INFO o.a.j.t.JMeterThread: Thread started: User Thread Group 1-513
2025-03-28 17:16:10,449 INFO o.a.j.t.JMeterThread: Thread is done: User Thread Group 1-300
2025-03-28 17:16:10,449 INFO o.a.j.t.JMeterThread: Thread finished: User Thread Group 1-300
2025-03-28 17:16:10,451 INFO o.a.j.t.JMeterThread: Thread started: User Thread Group 1-514
2025-03-28 17:16:10,489 INFO o.a.j.t.JMeterThread: Thread is done: User Thread Group 1-301
2025-03-28 17:16:10,489 INFO o.a.j.t.JMeterThread: Thread finished: User Thread Group 1-301
2025-03-28 17:16:10,491 INFO o.a.j.t.JMeterThread: Thread is done: User Thread Group 1-302
2025-03-28 17:16:10,491 INFO o.a.j.t.JMeterThread: Thread finished: User Thread Group 1-302
2025-03-28 17:16:10,495 INFO o.a.j.t.JMeterThread: Thread started: User Thread Group 1-515
2025-03-28 17:16:10,528 INFO o.a.j.t.JMeterThread: Thread is done: User Thread Group 1-303
2025-03-28 17:16:10,529 INFO o.a.j.t.JMeterThread: Thread finished: User Thread Group 1-303
2025-03-28 17:16:10,541 INFO o.a.j.t.JMeterThread: Thread started: User Thread Group 1-516
2025-03-28 17:16:10,585 INFO o.a.j.t.JMeterThread: Thread started: User Thread Group 1-517
2025-03-28 17:16:10,595 INFO o.a.j.t.JMeterThread: Thread is done: User Thread Group 1-304
2025-03-28 17:16:10,595 INFO o.a.j.t.JMeterThread: Thread finished: User Thread Group 1-304
2025-03-28 17:16:10,632 INFO o.a.j.t.JMeterThread: Thread started: User Thread Group 1-518
2025-03-28 17:16:10,640 INFO o.a.j.t.JMeterThread: Thread is done: User Thread Group 1-305
2025-03-28 17:16:10,640 INFO o.a.j.t.JMeterThread: Thread finished: User Thread Group 1-305
2025-03-28 17:16:10,676 INFO o.a.j.t.JMeterThread: Thread started: User Thread Group 1-519
2025-03-28 17:16:10,682 INFO o.a.j.t.JMeterThread: Thread is done: User Thread Group 1-306
2025-03-28 17:16:10,682 INFO o.a.j.t.JMeterThread: Thread finished: User Thread Group 1-306
2025-03-28 17:16:10,705 INFO o.a.j.t.JMeterThread: Thread is done: User Thread Group 1-307
2025-03-28 17:16:10,705 INFO o.a.j.t.JMeterThread: Thread finished: User Thread Group 1-307
2025-03-28 17:16:10,720 INFO o.a.j.t.JMeterThread: Thread started: User Thread Group 1-520
2025-03-28 17:16:10,766 INFO o.a.j.t.JMeterThread: Thread is done: User Thread Group 1-308
2025-03-28 17:16:10,766 INFO o.a.j.t.JMeterThread: Thread started: User Thread Group 1-521
2025-03-28 17:16:10,766 INFO o.a.j.t.JMeterThread: Thread finished: User Thread Group 1-308
2025-03-28 17:16:10,810 INFO o.a.j.t.JMeterThread: Thread started: User Thread Group 1-522
2025-03-28 17:16:10,839 INFO o.a.j.t.JMeterThread: Thread is done: User Thread Group 1-309
2025-03-28 17:16:10,839 INFO o.a.j.t.JMeterThread: Thread finished: User Thread Group 1-309
2025-03-28 17:16:10,856 INFO o.a.j.t.JMeterThread: Thread started: User Thread Group 1-523
2025-03-28 17:16:10,874 INFO o.a.j.t.JMeterThread: Thread is done: User Thread Group 1-310
2025-03-28 17:16:10,874 INFO o.a.j.t.JMeterThread: Thread finished: User Thread Group 1-310
2025-03-28 17:16:10,900 INFO o.a.j.t.JMeterThread: Thread started: User Thread Group 1-524
2025-03-28 17:16:10,912 INFO o.a.j.t.JMeterThread: Thread is done: User Thread Group 1-311
2025-03-28 17:16:10,912 INFO o.a.j.t.JMeterThread: Thread finished: User Thread Group 1-311
2025-03-28 17:16:10,945 INFO o.a.j.t.JMeterThread: Thread started: User Thread Group 1-525
2025-03-28 17:16:10,970 INFO o.a.j.t.JMeterThread: Thread is done: User Thread Group 1-312
2025-03-28 17:16:10,970 INFO o.a.j.t.JMeterThread: Thread finished: User Thread Group 1-312
2025-03-28 17:16:10,990 INFO o.a.j.t.JMeterThread: Thread started: User Thread Group 1-526
2025-03-28 17:16:11,005 INFO o.a.j.t.JMeterThread: Thread is done: User Thread Group 1-313
2025-03-28 17:16:11,006 INFO o.a.j.t.JMeterThread: Thread finished: User Thread Group 1-313
2025-03-28 17:16:11,036 INFO o.a.j.t.JMeterThread: Thread started: User Thread Group 1-527
2025-03-28 17:16:11,063 INFO o.a.j.t.JMeterThread: Thread is done: User Thread Group 1-314
2025-03-28 17:16:11,063 INFO o.a.j.t.JMeterThread: Thread finished: User Thread Group 1-314
2025-03-28 17:16:11,081 INFO o.a.j.t.JMeterThread: Thread started: User Thread Group 1-528
2025-03-28 17:16:11,084 INFO o.a.j.t.JMeterThread: Thread is done: User Thread Group 1-315
2025-03-28 17:16:11,084 INFO o.a.j.t.JMeterThread: Thread finished: User Thread Group 1-315
2025-03-28 17:16:11,125 INFO o.a.j.t.JMeterThread: Thread started: User Thread Group 1-529
2025-03-28 17:16:11,153 INFO o.a.j.t.JMeterThread: Thread is done: User Thread Group 1-316
2025-03-28 17:16:11,154 INFO o.a.j.t.JMeterThread: Thread finished: User Thread Group 1-316
2025-03-28 17:16:11,170 INFO o.a.j.t.JMeterThread: Thread started: User Thread Group 1-530
2025-03-28 17:16:11,192 INFO o.a.j.t.JMeterThread: Thread is done: User Thread Group 1-317
2025-03-28 17:16:11,192 INFO o.a.j.t.JMeterThread: Thread finished: User Thread Group 1-317
2025-03-28 17:16:11,203 INFO o.a.j.t.JMeterThread: Thread is done: User Thread Group 1-318
2025-03-28 17:16:11,203 INFO o.a.j.t.JMeterThread: Thread finished: User Thread Group 1-318
2025-03-28 17:16:11,215 INFO o.a.j.t.JMeterThread: Thread started: User Thread Group 1-531
2025-03-28 17:16:11,261 INFO o.a.j.t.JMeterThread: Thread started: User Thread Group 1-532
2025-03-28 17:16:11,271 INFO o.a.j.t.JMeterThread: Thread is done: User Thread Group 1-319
2025-03-28 17:16:11,271 INFO o.a.j.t.JMeterThread: Thread finished: User Thread Group 1-319
2025-03-28 17:16:11,305 INFO o.a.j.t.JMeterThread: Thread is done: User Thread Group 1-320
2025-03-28 17:16:11,305 INFO o.a.j.t.JMeterThread: Thread finished: User Thread Group 1-320
2025-03-28 17:16:11,305 INFO o.a.j.t.JMeterThread: Thread started: User Thread Group 1-533
2025-03-28 17:16:11,351 INFO o.a.j.t.JMeterThread: Thread started: User Thread Group 1-534
2025-03-28 17:16:11,354 INFO o.a.j.t.JMeterThread: Thread is done: User Thread Group 1-321
2025-03-28 17:16:11,354 INFO o.a.j.t.JMeterThread: Thread finished: User Thread Group 1-321
2025-03-28 17:16:11,395 INFO o.a.j.t.JMeterThread: Thread started: User Thread Group 1-535
2025-03-28 17:16:11,406 INFO o.a.j.t.JMeterThread: Thread is done: User Thread Group 1-322
2025-03-28 17:16:11,407 INFO o.a.j.t.JMeterThread: Thread finished: User Thread Group 1-322
2025-03-28 17:16:11,442 INFO o.a.j.t.JMeterThread: Thread started: User Thread Group 1-536
2025-03-28 17:16:11,485 INFO o.a.j.t.JMeterThread: Thread started: User Thread Group 1-537
2025-03-28 17:16:11,490 INFO o.a.j.t.JMeterThread: Thread is done: User Thread Group 1-323
2025-03-28 17:16:11,490 INFO o.a.j.t.JMeterThread: Thread finished: User Thread Group 1-323
2025-03-28 17:16:11,500 INFO o.a.j.t.JMeterThread: Thread is done: User Thread Group 1-324
2025-03-28 17:16:11,500 INFO o.a.j.t.JMeterThread: Thread finished: User Thread Group 1-324
2025-03-28 17:16:11,530 INFO o.a.j.t.JMeterThread: Thread started: User Thread Group 1-538
2025-03-28 17:16:11,536 INFO o.a.j.t.JMeterThread: Thread is done: User Thread Group 1-325
2025-03-28 17:16:11,536 INFO o.a.j.t.JMeterThread: Thread finished: User Thread Group 1-325
2025-03-28 17:16:11,575 INFO o.a.j.t.JMeterThread: Thread started: User Thread Group 1-539
2025-03-28 17:16:11,601 INFO o.a.j.t.JMeterThread: Thread is done: User Thread Group 1-326
2025-03-28 17:16:11,601 INFO o.a.j.t.JMeterThread: Thread finished: User Thread Group 1-326
2025-03-28 17:16:11,624 INFO o.a.j.t.JMeterThread: Thread started: User Thread Group 1-540
2025-03-28 17:16:11,640 INFO o.a.j.t.JMeterThread: Thread is done: User Thread Group 1-327
2025-03-28 17:16:11,640 INFO o.a.j.t.JMeterThread: Thread finished: User Thread Group 1-327
2025-03-28 17:16:11,667 INFO o.a.j.t.JMeterThread: Thread started: User Thread Group 1-541
2025-03-28 17:16:11,671 INFO o.a.j.t.JMeterThread: Thread is done: User Thread Group 1-328
2025-03-28 17:16:11,671 INFO o.a.j.t.JMeterThread: Thread finished: User Thread Group 1-328
2025-03-28 17:16:11,710 INFO o.a.j.t.JMeterThread: Thread started: User Thread Group 1-542
2025-03-28 17:16:11,755 INFO o.a.j.t.JMeterThread: Thread started: User Thread Group 1-543
2025-03-28 17:16:11,763 INFO o.a.j.t.JMeterThread: Thread is done: User Thread Group 1-329
2025-03-28 17:16:11,763 INFO o.a.j.t.JMeterThread: Thread finished: User Thread Group 1-329
2025-03-28 17:16:11,780 INFO o.a.j.t.JMeterThread: Thread is done: User Thread Group 1-330
2025-03-28 17:16:11,780 INFO o.a.j.t.JMeterThread: Thread finished: User Thread Group 1-330
2025-03-28 17:16:11,801 INFO o.a.j.t.JMeterThread: Thread started: User Thread Group 1-544
2025-03-28 17:16:11,813 INFO o.a.j.t.JMeterThread: Thread is done: User Thread Group 1-331
2025-03-28 17:16:11,814 INFO o.a.j.t.JMeterThread: Thread finished: User Thread Group 1-331
2025-03-28 17:16:11,840 INFO o.a.j.t.JMeterThread: Thread is done: User Thread Group 1-332
2025-03-28 17:16:11,840 INFO o.a.j.t.JMeterThread: Thread finished: User Thread Group 1-332
2025-03-28 17:16:11,845 INFO o.a.j.t.JMeterThread: Thread started: User Thread Group 1-545
2025-03-28 17:16:11,891 INFO o.a.j.t.JMeterThread: Thread started: User Thread Group 1-546
2025-03-28 17:16:11,911 INFO o.a.j.t.JMeterThread: Thread is done: User Thread Group 1-333
2025-03-28 17:16:11,911 INFO o.a.j.t.JMeterThread: Thread finished: User Thread Group 1-333
2025-03-28 17:16:11,935 INFO o.a.j.t.JMeterThread: Thread started: User Thread Group 1-547
2025-03-28 17:16:11,953 INFO o.a.j.t.JMeterThread: Thread is done: User Thread Group 1-334
2025-03-28 17:16:11,953 INFO o.a.j.t.JMeterThread: Thread finished: User Thread Group 1-334
2025-03-28 17:16:11,974 INFO o.a.j.t.JMeterThread: Thread is done: User Thread Group 1-335
2025-03-28 17:16:11,974 INFO o.a.j.t.JMeterThread: Thread finished: User Thread Group 1-335
2025-03-28 17:16:11,980 INFO o.a.j.t.JMeterThread: Thread started: User Thread Group 1-548
2025-03-28 17:16:12,025 INFO o.a.j.t.JMeterThread: Thread started: User Thread Group 1-549
2025-03-28 17:16:12,037 INFO o.a.j.t.JMeterThread: Thread is done: User Thread Group 1-336
2025-03-28 17:16:12,037 INFO o.a.j.t.JMeterThread: Thread finished: User Thread Group 1-336
2025-03-28 17:16:12,070 INFO o.a.j.t.JMeterThread: Thread started: User Thread Group 1-550
2025-03-28 17:16:12,095 INFO o.a.j.t.JMeterThread: Thread is done: User Thread Group 1-337
2025-03-28 17:16:12,095 INFO o.a.j.t.JMeterThread: Thread finished: User Thread Group 1-337
2025-03-28 17:16:12,112 INFO o.a.j.t.JMeterThread: Thread is done: User Thread Group 1-338
2025-03-28 17:16:12,112 INFO o.a.j.t.JMeterThread: Thread finished: User Thread Group 1-338
2025-03-28 17:16:12,115 INFO o.a.j.t.JMeterThread: Thread started: User Thread Group 1-551
2025-03-28 17:16:12,160 INFO o.a.j.t.JMeterThread: Thread started: User Thread Group 1-552
2025-03-28 17:16:12,180 INFO o.a.j.t.JMeterThread: Thread is done: User Thread Group 1-339
2025-03-28 17:16:12,180 INFO o.a.j.t.JMeterThread: Thread finished: User Thread Group 1-339
2025-03-28 17:16:12,206 INFO o.a.j.t.JMeterThread: Thread started: User Thread Group 1-553
2025-03-28 17:16:12,209 INFO o.a.j.t.JMeterThread: Thread is done: User Thread Group 1-340
2025-03-28 17:16:12,209 INFO o.a.j.t.JMeterThread: Thread finished: User Thread Group 1-340
2025-03-28 17:16:12,250 INFO o.a.j.t.JMeterThread: Thread started: User Thread Group 1-554
2025-03-28 17:16:12,258 INFO o.a.j.t.JMeterThread: Thread is done: User Thread Group 1-341
2025-03-28 17:16:12,258 INFO o.a.j.t.JMeterThread: Thread finished: User Thread Group 1-341
2025-03-28 17:16:12,295 INFO o.a.j.t.JMeterThread: Thread started: User Thread Group 1-555
2025-03-28 17:16:12,317 INFO o.a.j.t.JMeterThread: Thread is done: User Thread Group 1-342
2025-03-28 17:16:12,317 INFO o.a.j.t.JMeterThread: Thread finished: User Thread Group 1-342
2025-03-28 17:16:12,341 INFO o.a.j.t.JMeterThread: Thread started: User Thread Group 1-556
2025-03-28 17:16:12,342 INFO o.a.j.t.JMeterThread: Thread is done: User Thread Group 1-343
2025-03-28 17:16:12,342 INFO o.a.j.t.JMeterThread: Thread finished: User Thread Group 1-343
2025-03-28 17:16:12,386 INFO o.a.j.t.JMeterThread: Thread started: User Thread Group 1-557
2025-03-28 17:16:12,412 INFO o.a.j.t.JMeterThread: Thread is done: User Thread Group 1-344
2025-03-28 17:16:12,412 INFO o.a.j.t.JMeterThread: Thread finished: User Thread Group 1-344
2025-03-28 17:16:12,430 INFO o.a.j.t.JMeterThread: Thread started: User Thread Group 1-558
2025-03-28 17:16:12,456 INFO o.a.j.t.JMeterThread: Thread is done: User Thread Group 1-345
2025-03-28 17:16:12,456 INFO o.a.j.t.JMeterThread: Thread finished: User Thread Group 1-345
2025-03-28 17:16:12,476 INFO o.a.j.t.JMeterThread: Thread started: User Thread Group 1-559
2025-03-28 17:16:12,490 INFO o.a.j.t.JMeterThread: Thread is done: User Thread Group 1-346
2025-03-28 17:16:12,490 INFO o.a.j.t.JMeterThread: Thread finished: User Thread Group 1-346
2025-03-28 17:16:12,520 INFO o.a.j.t.JMeterThread: Thread started: User Thread Group 1-560
2025-03-28 17:16:12,526 INFO o.a.j.t.JMeterThread: Thread is done: User Thread Group 1-347
2025-03-28 17:16:12,526 INFO o.a.j.t.JMeterThread: Thread finished: User Thread Group 1-347
2025-03-28 17:16:12,565 INFO o.a.j.t.JMeterThread: Thread started: User Thread Group 1-561
2025-03-28 17:16:12,591 INFO o.a.j.t.JMeterThread: Thread is done: User Thread Group 1-348
2025-03-28 17:16:12,591 INFO o.a.j.t.JMeterThread: Thread finished: User Thread Group 1-348
2025-03-28 17:16:12,612 INFO o.a.j.t.JMeterThread: Thread started: User Thread Group 1-562
2025-03-28 17:16:12,614 INFO o.a.j.t.JMeterThread: Thread is done: User Thread Group 1-349
2025-03-28 17:16:12,614 INFO o.a.j.t.JMeterThread: Thread finished: User Thread Group 1-349
2025-03-28 17:16:12,655 INFO o.a.j.t.JMeterThread: Thread started: User Thread Group 1-563
2025-03-28 17:16:12,677 INFO o.a.j.t.JMeterThread: Thread is done: User Thread Group 1-350
2025-03-28 17:16:12,677 INFO o.a.j.t.JMeterThread: Thread finished: User Thread Group 1-350
2025-03-28 17:16:12,701 INFO o.a.j.t.JMeterThread: Thread started: User Thread Group 1-564
2025-03-28 17:16:12,710 INFO o.a.j.t.JMeterThread: Thread is done: User Thread Group 1-351
2025-03-28 17:16:12,710 INFO o.a.j.t.JMeterThread: Thread finished: User Thread Group 1-351
2025-03-28 17:16:12,745 INFO o.a.j.t.JMeterThread: Thread started: User Thread Group 1-565
2025-03-28 17:16:12,747 INFO o.a.j.t.JMeterThread: Thread is done: User Thread Group 1-352
2025-03-28 17:16:12,747 INFO o.a.j.t.JMeterThread: Thread finished: User Thread Group 1-352
2025-03-28 17:16:12,790 INFO o.a.j.t.JMeterThread: Thread started: User Thread Group 1-566
2025-03-28 17:16:12,805 INFO o.a.j.t.JMeterThread: Thread is done: User Thread Group 1-353
2025-03-28 17:16:12,806 INFO o.a.j.t.JMeterThread: Thread finished: User Thread Group 1-353
2025-03-28 17:16:12,835 INFO o.a.j.t.JMeterThread: Thread started: User Thread Group 1-567
2025-03-28 17:16:12,840 INFO o.a.j.t.JMeterThread: Thread is done: User Thread Group 1-354
2025-03-28 17:16:12,840 INFO o.a.j.t.JMeterThread: Thread finished: User Thread Group 1-354
2025-03-28 17:16:12,880 INFO o.a.j.t.JMeterThread: Thread started: User Thread Group 1-568
2025-03-28 17:16:12,885 INFO o.a.j.t.JMeterThread: Thread is done: User Thread Group 1-355
2025-03-28 17:16:12,885 INFO o.a.j.t.JMeterThread: Thread finished: User Thread Group 1-355
2025-03-28 17:16:12,925 INFO o.a.j.t.JMeterThread: Thread started: User Thread Group 1-569
2025-03-28 17:16:12,940 INFO o.a.j.t.JMeterThread: Thread is done: User Thread Group 1-356
2025-03-28 17:16:12,940 INFO o.a.j.t.JMeterThread: Thread finished: User Thread Group 1-356
2025-03-28 17:16:12,970 INFO o.a.j.t.JMeterThread: Thread started: User Thread Group 1-570
2025-03-28 17:16:12,972 INFO o.a.j.t.JMeterThread: Thread is done: User Thread Group 1-357
2025-03-28 17:16:12,972 INFO o.a.j.t.JMeterThread: Thread finished: User Thread Group 1-357
2025-03-28 17:16:13,015 INFO o.a.j.t.JMeterThread: Thread started: User Thread Group 1-571
2025-03-28 17:16:13,025 INFO o.a.j.t.JMeterThread: Thread is done: User Thread Group 1-358
2025-03-28 17:16:13,025 INFO o.a.j.t.JMeterThread: Thread finished: User Thread Group 1-358
2025-03-28 17:16:13,061 INFO o.a.j.t.JMeterThread: Thread started: User Thread Group 1-572
2025-03-28 17:16:13,106 INFO o.a.j.t.JMeterThread: Thread started: User Thread Group 1-573
2025-03-28 17:16:13,108 INFO o.a.j.t.JMeterThread: Thread is done: User Thread Group 1-359
2025-03-28 17:16:13,108 INFO o.a.j.t.JMeterThread: Thread finished: User Thread Group 1-359
2025-03-28 17:16:13,121 INFO o.a.j.t.JMeterThread: Thread is done: User Thread Group 1-360
2025-03-28 17:16:13,121 INFO o.a.j.t.JMeterThread: Thread finished: User Thread Group 1-360
2025-03-28 17:16:13,151 INFO o.a.j.t.JMeterThread: Thread started: User Thread Group 1-574
2025-03-28 17:16:13,164 INFO o.a.j.t.JMeterThread: Thread is done: User Thread Group 1-361
2025-03-28 17:16:13,164 INFO o.a.j.t.JMeterThread: Thread finished: User Thread Group 1-361
2025-03-28 17:16:13,197 INFO o.a.j.t.JMeterThread: Thread started: User Thread Group 1-575
2025-03-28 17:16:13,203 INFO o.a.j.t.JMeterThread: Thread is done: User Thread Group 1-362
2025-03-28 17:16:13,203 INFO o.a.j.t.JMeterThread: Thread finished: User Thread Group 1-362
2025-03-28 17:16:13,240 INFO o.a.j.t.JMeterThread: Thread started: User Thread Group 1-576
2025-03-28 17:16:13,246 INFO o.a.j.t.JMeterThread: Thread is done: User Thread Group 1-363
2025-03-28 17:16:13,246 INFO o.a.j.t.JMeterThread: Thread finished: User Thread Group 1-363
2025-03-28 17:16:13,285 INFO o.a.j.t.JMeterThread: Thread started: User Thread Group 1-577
2025-03-28 17:16:13,295 INFO o.a.j.t.JMeterThread: Thread is done: User Thread Group 1-364
2025-03-28 17:16:13,295 INFO o.a.j.t.JMeterThread: Thread finished: User Thread Group 1-364
2025-03-28 17:16:13,332 INFO o.a.j.t.JMeterThread: Thread started: User Thread Group 1-578
2025-03-28 17:16:13,342 INFO o.a.j.t.JMeterThread: Thread is done: User Thread Group 1-365
2025-03-28 17:16:13,342 INFO o.a.j.t.JMeterThread: Thread finished: User Thread Group 1-365
2025-03-28 17:16:13,375 INFO o.a.j.t.JMeterThread: Thread started: User Thread Group 1-579
2025-03-28 17:16:13,399 INFO o.a.j.t.JMeterThread: Thread is done: User Thread Group 1-366
2025-03-28 17:16:13,399 INFO o.a.j.t.JMeterThread: Thread finished: User Thread Group 1-366
2025-03-28 17:16:13,410 INFO o.a.j.t.JMeterThread: Thread is done: User Thread Group 1-367
2025-03-28 17:16:13,410 INFO o.a.j.t.JMeterThread: Thread finished: User Thread Group 1-367
2025-03-28 17:16:13,421 INFO o.a.j.t.JMeterThread: Thread started: User Thread Group 1-580
2025-03-28 17:16:13,465 INFO o.a.j.t.JMeterThread: Thread started: User Thread Group 1-581
2025-03-28 17:16:13,476 INFO o.a.j.t.JMeterThread: Thread is done: User Thread Group 1-368
2025-03-28 17:16:13,476 INFO o.a.j.t.JMeterThread: Thread finished: User Thread Group 1-368
2025-03-28 17:16:13,502 INFO o.a.j.t.JMeterThread: Thread is done: User Thread Group 1-369
2025-03-28 17:16:13,502 INFO o.a.j.t.JMeterThread: Thread finished: User Thread Group 1-369
2025-03-28 17:16:13,511 INFO o.a.j.t.JMeterThread: Thread started: User Thread Group 1-582
2025-03-28 17:16:13,555 INFO o.a.j.t.JMeterThread: Thread started: User Thread Group 1-583
2025-03-28 17:16:13,585 INFO o.a.j.t.JMeterThread: Thread is done: User Thread Group 1-370
2025-03-28 17:16:13,585 INFO o.a.j.t.JMeterThread: Thread finished: User Thread Group 1-370
2025-03-28 17:16:13,600 INFO o.a.j.t.JMeterThread: Thread started: User Thread Group 1-584
2025-03-28 17:16:13,646 INFO o.a.j.t.JMeterThread: Thread started: User Thread Group 1-585
2025-03-28 17:16:13,650 INFO o.a.j.t.JMeterThread: Thread is done: User Thread Group 1-371
2025-03-28 17:16:13,650 INFO o.a.j.t.JMeterThread: Thread finished: User Thread Group 1-371
2025-03-28 17:16:13,678 INFO o.a.j.t.JMeterThread: Thread is done: User Thread Group 1-372
2025-03-28 17:16:13,678 INFO o.a.j.t.JMeterThread: Thread finished: User Thread Group 1-372
2025-03-28 17:16:13,691 INFO o.a.j.t.JMeterThread: Thread started: User Thread Group 1-586
2025-03-28 17:16:13,716 INFO o.a.j.t.JMeterThread: Thread is done: User Thread Group 1-373
2025-03-28 17:16:13,716 INFO o.a.j.t.JMeterThread: Thread finished: User Thread Group 1-373
2025-03-28 17:16:13,736 INFO o.a.j.t.JMeterThread: Thread started: User Thread Group 1-587
2025-03-28 17:16:13,752 INFO o.a.j.t.JMeterThread: Thread is done: User Thread Group 1-374
2025-03-28 17:16:13,752 INFO o.a.j.t.JMeterThread: Thread finished: User Thread Group 1-374
2025-03-28 17:16:13,777 INFO o.a.j.t.JMeterThread: Thread is done: User Thread Group 1-375
2025-03-28 17:16:13,777 INFO o.a.j.t.JMeterThread: Thread finished: User Thread Group 1-375
2025-03-28 17:16:13,781 INFO o.a.j.t.JMeterThread: Thread started: User Thread Group 1-588
2025-03-28 17:16:13,825 INFO o.a.j.t.JMeterThread: Thread started: User Thread Group 1-589
2025-03-28 17:16:13,860 INFO o.a.j.t.JMeterThread: Thread is done: User Thread Group 1-376
2025-03-28 17:16:13,860 INFO o.a.j.t.JMeterThread: Thread finished: User Thread Group 1-376
2025-03-28 17:16:13,870 INFO o.a.j.t.JMeterThread: Thread started: User Thread Group 1-590
2025-03-28 17:16:13,872 INFO o.a.j.t.JMeterThread: Thread is done: User Thread Group 1-377
2025-03-28 17:16:13,872 INFO o.a.j.t.JMeterThread: Thread finished: User Thread Group 1-377
2025-03-28 17:16:13,917 INFO o.a.j.t.JMeterThread: Thread started: User Thread Group 1-591
2025-03-28 17:16:13,919 INFO o.a.j.t.JMeterThread: Thread is done: User Thread Group 1-378
2025-03-28 17:16:13,919 INFO o.a.j.t.JMeterThread: Thread finished: User Thread Group 1-378
2025-03-28 17:16:13,962 INFO o.a.j.t.JMeterThread: Thread started: User Thread Group 1-592
2025-03-28 17:16:13,975 INFO o.a.j.t.JMeterThread: Thread is done: User Thread Group 1-379
2025-03-28 17:16:13,976 INFO o.a.j.t.JMeterThread: Thread finished: User Thread Group 1-379
2025-03-28 17:16:14,002 INFO o.a.j.t.JMeterThread: Thread is done: User Thread Group 1-380
2025-03-28 17:16:14,002 INFO o.a.j.t.JMeterThread: Thread finished: User Thread Group 1-380
2025-03-28 17:16:14,006 INFO o.a.j.t.JMeterThread: Thread started: User Thread Group 1-593
2025-03-28 17:16:14,050 INFO o.a.j.t.JMeterThread: Thread started: User Thread Group 1-594
2025-03-28 17:16:14,054 INFO o.a.j.t.JMeterThread: Thread is done: User Thread Group 1-381
2025-03-28 17:16:14,054 INFO o.a.j.t.JMeterThread: Thread finished: User Thread Group 1-381
2025-03-28 17:16:14,095 INFO o.a.j.t.JMeterThread: Thread started: User Thread Group 1-595
2025-03-28 17:16:14,131 INFO o.a.j.t.JMeterThread: Thread is done: User Thread Group 1-382
2025-03-28 17:16:14,131 INFO o.a.j.t.JMeterThread: Thread finished: User Thread Group 1-382
2025-03-28 17:16:14,140 INFO o.a.j.t.JMeterThread: Thread started: User Thread Group 1-596
2025-03-28 17:16:14,181 INFO o.a.j.t.JMeterThread: Thread is done: User Thread Group 1-383
2025-03-28 17:16:14,182 INFO o.a.j.t.JMeterThread: Thread finished: User Thread Group 1-383
2025-03-28 17:16:14,185 INFO o.a.j.t.JMeterThread: Thread started: User Thread Group 1-597
2025-03-28 17:16:14,204 INFO o.a.j.t.JMeterThread: Thread is done: User Thread Group 1-384
2025-03-28 17:16:14,204 INFO o.a.j.t.JMeterThread: Thread finished: User Thread Group 1-384
2025-03-28 17:16:14,232 INFO o.a.j.t.JMeterThread: Thread started: User Thread Group 1-598
2025-03-28 17:16:14,233 INFO o.a.j.t.JMeterThread: Thread is done: User Thread Group 1-385
2025-03-28 17:16:14,233 INFO o.a.j.t.JMeterThread: Thread finished: User Thread Group 1-385
2025-03-28 17:16:14,275 INFO o.a.j.t.JMeterThread: Thread started: User Thread Group 1-599
2025-03-28 17:16:14,276 INFO o.a.j.t.JMeterThread: Thread is done: User Thread Group 1-386
2025-03-28 17:16:14,276 INFO o.a.j.t.JMeterThread: Thread finished: User Thread Group 1-386
2025-03-28 17:16:14,320 INFO o.a.j.t.JMeterThread: Thread started: User Thread Group 1-600
2025-03-28 17:16:14,352 INFO o.a.j.t.JMeterThread: Thread is done: User Thread Group 1-387
2025-03-28 17:16:14,352 INFO o.a.j.t.JMeterThread: Thread finished: User Thread Group 1-387
2025-03-28 17:16:14,362 INFO o.a.j.t.JMeterThread: Thread is done: User Thread Group 1-388
2025-03-28 17:16:14,362 INFO o.a.j.t.JMeterThread: Thread finished: User Thread Group 1-388
2025-03-28 17:16:14,366 INFO o.a.j.t.JMeterThread: Thread started: User Thread Group 1-601
2025-03-28 17:16:14,412 INFO o.a.j.t.JMeterThread: Thread started: User Thread Group 1-602
2025-03-28 17:16:14,425 INFO o.a.j.t.JMeterThread: Thread is done: User Thread Group 1-389
2025-03-28 17:16:14,425 INFO o.a.j.t.JMeterThread: Thread finished: User Thread Group 1-389
2025-03-28 17:16:14,448 INFO o.a.j.t.JMeterThread: Thread is done: User Thread Group 1-390
2025-03-28 17:16:14,448 INFO o.a.j.t.JMeterThread: Thread finished: User Thread Group 1-390
2025-03-28 17:16:14,455 INFO o.a.j.t.JMeterThread: Thread started: User Thread Group 1-603
2025-03-28 17:16:14,500 INFO o.a.j.t.JMeterThread: Thread started: User Thread Group 1-604
2025-03-28 17:16:14,508 INFO o.a.j.t.JMeterThread: Thread is done: User Thread Group 1-391
2025-03-28 17:16:14,508 INFO o.a.j.t.JMeterThread: Thread finished: User Thread Group 1-391
2025-03-28 17:16:14,546 INFO o.a.j.t.JMeterThread: Thread started: User Thread Group 1-605
2025-03-28 17:16:14,586 INFO o.a.j.t.JMeterThread: Thread is done: User Thread Group 1-392
2025-03-28 17:16:14,586 INFO o.a.j.t.JMeterThread: Thread finished: User Thread Group 1-392
2025-03-28 17:16:14,590 INFO o.a.j.t.JMeterThread: Thread started: User Thread Group 1-606
2025-03-28 17:16:14,600 INFO o.a.j.t.JMeterThread: Thread is done: User Thread Group 1-393
2025-03-28 17:16:14,600 INFO o.a.j.t.JMeterThread: Thread finished: User Thread Group 1-393
2025-03-28 17:16:14,635 INFO o.a.j.t.JMeterThread: Thread started: User Thread Group 1-607
2025-03-28 17:16:14,672 INFO o.a.j.t.JMeterThread: Thread is done: User Thread Group 1-394
2025-03-28 17:16:14,672 INFO o.a.j.t.JMeterThread: Thread finished: User Thread Group 1-394
2025-03-28 17:16:14,681 INFO o.a.j.t.JMeterThread: Thread started: User Thread Group 1-608
2025-03-28 17:16:14,703 INFO o.a.j.t.JMeterThread: Thread is done: User Thread Group 1-395
2025-03-28 17:16:14,703 INFO o.a.j.t.JMeterThread: Thread finished: User Thread Group 1-395
2025-03-28 17:16:14,725 INFO o.a.j.t.JMeterThread: Thread started: User Thread Group 1-609
2025-03-28 17:16:14,756 INFO o.a.j.t.JMeterThread: Thread is done: User Thread Group 1-396
2025-03-28 17:16:14,756 INFO o.a.j.t.JMeterThread: Thread finished: User Thread Group 1-396
2025-03-28 17:16:14,771 INFO o.a.j.t.JMeterThread: Thread started: User Thread Group 1-610
2025-03-28 17:16:14,787 INFO o.a.j.t.JMeterThread: Thread is done: User Thread Group 1-397
2025-03-28 17:16:14,788 INFO o.a.j.t.JMeterThread: Thread finished: User Thread Group 1-397
2025-03-28 17:16:14,810 INFO o.a.j.t.JMeterThread: Thread is done: User Thread Group 1-398
2025-03-28 17:16:14,810 INFO o.a.j.t.JMeterThread: Thread finished: User Thread Group 1-398
2025-03-28 17:16:14,815 INFO o.a.j.t.JMeterThread: Thread started: User Thread Group 1-611
2025-03-28 17:16:14,860 INFO o.a.j.t.JMeterThread: Thread started: User Thread Group 1-612
2025-03-28 17:16:14,864 INFO o.a.j.t.JMeterThread: Thread is done: User Thread Group 1-399
2025-03-28 17:16:14,864 INFO o.a.j.t.JMeterThread: Thread finished: User Thread Group 1-399
2025-03-28 17:16:14,906 INFO o.a.j.t.JMeterThread: Thread started: User Thread Group 1-613
2025-03-28 17:16:14,918 INFO o.a.j.t.JMeterThread: Thread is done: User Thread Group 1-400
2025-03-28 17:16:14,919 INFO o.a.j.t.JMeterThread: Thread finished: User Thread Group 1-400
2025-03-28 17:16:14,950 INFO o.a.j.t.JMeterThread: Thread started: User Thread Group 1-614
2025-03-28 17:16:14,951 INFO o.a.j.t.JMeterThread: Thread is done: User Thread Group 1-401
2025-03-28 17:16:14,951 INFO o.a.j.t.JMeterThread: Thread finished: User Thread Group 1-401
2025-03-28 17:16:14,995 INFO o.a.j.t.JMeterThread: Thread started: User Thread Group 1-615
2025-03-28 17:16:15,008 INFO o.a.j.t.JMeterThread: Thread is done: User Thread Group 1-402
2025-03-28 17:16:15,009 INFO o.a.j.t.JMeterThread: Thread finished: User Thread Group 1-402
2025-03-28 17:16:15,040 INFO o.a.j.t.JMeterThread: Thread started: User Thread Group 1-616
2025-03-28 17:16:15,053 INFO o.a.j.t.JMeterThread: Thread is done: User Thread Group 1-403
2025-03-28 17:16:15,053 INFO o.a.j.t.JMeterThread: Thread finished: User Thread Group 1-403
2025-03-28 17:16:15,087 INFO o.a.j.t.JMeterThread: Thread started: User Thread Group 1-617
2025-03-28 17:16:15,089 INFO o.a.j.t.JMeterThread: Thread is done: User Thread Group 1-404
2025-03-28 17:16:15,090 INFO o.a.j.t.JMeterThread: Thread finished: User Thread Group 1-404
2025-03-28 17:16:15,130 INFO o.a.j.t.JMeterThread: Thread started: User Thread Group 1-618
2025-03-28 17:16:15,161 INFO o.a.j.t.JMeterThread: Thread is done: User Thread Group 1-405
2025-03-28 17:16:15,161 INFO o.a.j.t.JMeterThread: Thread finished: User Thread Group 1-405
2025-03-28 17:16:15,176 INFO o.a.j.t.JMeterThread: Thread started: User Thread Group 1-619
2025-03-28 17:16:15,208 INFO o.a.j.t.JMeterThread: Thread is done: User Thread Group 1-406
2025-03-28 17:16:15,208 INFO o.a.j.t.JMeterThread: Thread finished: User Thread Group 1-406
2025-03-28 17:16:15,221 INFO o.a.j.t.JMeterThread: Thread started: User Thread Group 1-620
2025-03-28 17:16:15,245 INFO o.a.j.t.JMeterThread: Thread is done: User Thread Group 1-407
2025-03-28 17:16:15,245 INFO o.a.j.t.JMeterThread: Thread finished: User Thread Group 1-407
2025-03-28 17:16:15,264 INFO o.a.j.t.JMeterThread: Thread is done: User Thread Group 1-408
2025-03-28 17:16:15,264 INFO o.a.j.t.JMeterThread: Thread finished: User Thread Group 1-408
2025-03-28 17:16:15,266 INFO o.a.j.t.JMeterThread: Thread started: User Thread Group 1-621
2025-03-28 17:16:15,311 INFO o.a.j.t.JMeterThread: Thread started: User Thread Group 1-622
2025-03-28 17:16:15,320 INFO o.a.j.t.JMeterThread: Thread is done: User Thread Group 1-409
2025-03-28 17:16:15,321 INFO o.a.j.t.JMeterThread: Thread finished: User Thread Group 1-409
2025-03-28 17:16:15,355 INFO o.a.j.t.JMeterThread: Thread started: User Thread Group 1-623
2025-03-28 17:16:15,385 INFO o.a.j.t.JMeterThread: Thread is done: User Thread Group 1-410
2025-03-28 17:16:15,385 INFO o.a.j.t.JMeterThread: Thread finished: User Thread Group 1-410
2025-03-28 17:16:15,400 INFO o.a.j.t.JMeterThread: Thread started: User Thread Group 1-624
2025-03-28 17:16:15,424 INFO o.a.j.t.JMeterThread: Thread is done: User Thread Group 1-411
2025-03-28 17:16:15,424 INFO o.a.j.t.JMeterThread: Thread finished: User Thread Group 1-411
2025-03-28 17:16:15,445 INFO o.a.j.t.JMeterThread: Thread started: User Thread Group 1-625
2025-03-28 17:16:15,452 INFO o.a.j.t.JMeterThread: Thread is done: User Thread Group 1-412
2025-03-28 17:16:15,452 INFO o.a.j.t.JMeterThread: Thread finished: User Thread Group 1-412
2025-03-28 17:16:15,491 INFO o.a.j.t.JMeterThread: Thread started: User Thread Group 1-626
2025-03-28 17:16:15,522 INFO o.a.j.t.JMeterThread: Thread is done: User Thread Group 1-413
2025-03-28 17:16:15,523 INFO o.a.j.t.JMeterThread: Thread finished: User Thread Group 1-413
2025-03-28 17:16:15,536 INFO o.a.j.t.JMeterThread: Thread started: User Thread Group 1-627
2025-03-28 17:16:15,541 INFO o.a.j.t.JMeterThread: Thread is done: User Thread Group 1-414
2025-03-28 17:16:15,541 INFO o.a.j.t.JMeterThread: Thread finished: User Thread Group 1-414
2025-03-28 17:16:15,580 INFO o.a.j.t.JMeterThread: Thread started: User Thread Group 1-628
2025-03-28 17:16:15,601 INFO o.a.j.t.JMeterThread: Thread is done: User Thread Group 1-415
2025-03-28 17:16:15,601 INFO o.a.j.t.JMeterThread: Thread finished: User Thread Group 1-415
2025-03-28 17:16:15,625 INFO o.a.j.t.JMeterThread: Thread started: User Thread Group 1-629
2025-03-28 17:16:15,652 INFO o.a.j.t.JMeterThread: Thread is done: User Thread Group 1-416
2025-03-28 17:16:15,652 INFO o.a.j.t.JMeterThread: Thread finished: User Thread Group 1-416
2025-03-28 17:16:15,671 INFO o.a.j.t.JMeterThread: Thread started: User Thread Group 1-630
2025-03-28 17:16:15,715 INFO o.a.j.t.JMeterThread: Thread started: User Thread Group 1-631
2025-03-28 17:16:15,738 INFO o.a.j.t.JMeterThread: Thread is done: User Thread Group 1-417
2025-03-28 17:16:15,738 INFO o.a.j.t.JMeterThread: Thread finished: User Thread Group 1-417
2025-03-28 17:16:15,749 INFO o.a.j.t.JMeterThread: Thread is done: User Thread Group 1-419
2025-03-28 17:16:15,749 INFO o.a.j.t.JMeterThread: Thread finished: User Thread Group 1-419
2025-03-28 17:16:15,751 INFO o.a.j.t.JMeterThread: Thread is done: User Thread Group 1-418
2025-03-28 17:16:15,752 INFO o.a.j.t.JMeterThread: Thread finished: User Thread Group 1-418
2025-03-28 17:16:15,761 INFO o.a.j.t.JMeterThread: Thread started: User Thread Group 1-632
2025-03-28 17:16:15,806 INFO o.a.j.t.JMeterThread: Thread started: User Thread Group 1-633
2025-03-28 17:16:15,825 INFO o.a.j.t.JMeterThread: Thread is done: User Thread Group 1-420
2025-03-28 17:16:15,825 INFO o.a.j.t.JMeterThread: Thread finished: User Thread Group 1-420
2025-03-28 17:16:15,840 INFO o.a.j.t.JMeterThread: Thread is done: User Thread Group 1-421
2025-03-28 17:16:15,840 INFO o.a.j.t.JMeterThread: Thread finished: User Thread Group 1-421
2025-03-28 17:16:15,854 INFO o.a.j.t.JMeterThread: Thread started: User Thread Group 1-634
2025-03-28 17:16:15,896 INFO o.a.j.t.JMeterThread: Thread started: User Thread Group 1-635
2025-03-28 17:16:15,905 INFO o.a.j.t.JMeterThread: Thread is done: User Thread Group 1-422
2025-03-28 17:16:15,905 INFO o.a.j.t.JMeterThread: Thread finished: User Thread Group 1-422
2025-03-28 17:16:15,940 INFO o.a.j.t.JMeterThread: Thread started: User Thread Group 1-636
2025-03-28 17:16:15,954 INFO o.a.j.t.JMeterThread: Thread is done: User Thread Group 1-423
2025-03-28 17:16:15,955 INFO o.a.j.t.JMeterThread: Thread finished: User Thread Group 1-423
2025-03-28 17:16:15,986 INFO o.a.j.t.JMeterThread: Thread started: User Thread Group 1-637
2025-03-28 17:16:16,023 INFO o.a.j.t.JMeterThread: Thread is done: User Thread Group 1-424
2025-03-28 17:16:16,023 INFO o.a.j.t.JMeterThread: Thread finished: User Thread Group 1-424
2025-03-28 17:16:16,031 INFO o.a.j.t.JMeterThread: Thread started: User Thread Group 1-638
2025-03-28 17:16:16,032 INFO o.a.j.t.JMeterThread: Thread is done: User Thread Group 1-425
2025-03-28 17:16:16,033 INFO o.a.j.t.JMeterThread: Thread finished: User Thread Group 1-425
2025-03-28 17:16:16,064 INFO o.a.j.t.JMeterThread: Thread is done: User Thread Group 1-426
2025-03-28 17:16:16,065 INFO o.a.j.t.JMeterThread: Thread finished: User Thread Group 1-426
2025-03-28 17:16:16,076 INFO o.a.j.t.JMeterThread: Thread started: User Thread Group 1-639
2025-03-28 17:16:16,120 INFO o.a.j.t.JMeterThread: Thread is done: User Thread Group 1-427
2025-03-28 17:16:16,120 INFO o.a.j.t.JMeterThread: Thread finished: User Thread Group 1-427
2025-03-28 17:16:16,121 INFO o.a.j.t.JMeterThread: Thread started: User Thread Group 1-640
2025-03-28 17:16:16,165 INFO o.a.j.t.JMeterThread: Thread started: User Thread Group 1-641
2025-03-28 17:16:16,186 INFO o.a.j.t.JMeterThread: Thread is done: User Thread Group 1-428
2025-03-28 17:16:16,186 INFO o.a.j.t.JMeterThread: Thread finished: User Thread Group 1-428
2025-03-28 17:16:16,211 INFO o.a.j.t.JMeterThread: Thread started: User Thread Group 1-642
2025-03-28 17:16:16,236 INFO o.a.j.t.JMeterThread: Thread is done: User Thread Group 1-429
2025-03-28 17:16:16,237 INFO o.a.j.t.JMeterThread: Thread finished: User Thread Group 1-429
2025-03-28 17:16:16,255 INFO o.a.j.t.JMeterThread: Thread started: User Thread Group 1-643
2025-03-28 17:16:16,292 INFO o.a.j.t.JMeterThread: Thread is done: User Thread Group 1-430
2025-03-28 17:16:16,293 INFO o.a.j.t.JMeterThread: Thread finished: User Thread Group 1-430
2025-03-28 17:16:16,303 INFO o.a.j.t.JMeterThread: Thread started: User Thread Group 1-644
2025-03-28 17:16:16,307 INFO o.a.j.t.JMeterThread: Thread is done: User Thread Group 1-431
2025-03-28 17:16:16,307 INFO o.a.j.t.JMeterThread: Thread finished: User Thread Group 1-431
2025-03-28 17:16:16,343 INFO o.a.j.t.JMeterThread: Thread is done: User Thread Group 1-432
2025-03-28 17:16:16,343 INFO o.a.j.t.JMeterThread: Thread finished: User Thread Group 1-432
2025-03-28 17:16:16,347 INFO o.a.j.t.JMeterThread: Thread started: User Thread Group 1-645
2025-03-28 17:16:16,390 INFO o.a.j.t.JMeterThread: Thread started: User Thread Group 1-646
2025-03-28 17:16:16,415 INFO o.a.j.t.JMeterThread: Thread is done: User Thread Group 1-433
2025-03-28 17:16:16,415 INFO o.a.j.t.JMeterThread: Thread finished: User Thread Group 1-433
2025-03-28 17:16:16,438 INFO o.a.j.t.JMeterThread: Thread started: User Thread Group 1-647
2025-03-28 17:16:16,452 INFO o.a.j.t.JMeterThread: Thread is done: User Thread Group 1-434
2025-03-28 17:16:16,452 INFO o.a.j.t.JMeterThread: Thread finished: User Thread Group 1-434
2025-03-28 17:16:16,481 INFO o.a.j.t.JMeterThread: Thread started: User Thread Group 1-648
2025-03-28 17:16:16,515 INFO o.a.j.t.JMeterThread: Thread is done: User Thread Group 1-435
2025-03-28 17:16:16,516 INFO o.a.j.t.JMeterThread: Thread finished: User Thread Group 1-435
2025-03-28 17:16:16,526 INFO o.a.j.t.JMeterThread: Thread started: User Thread Group 1-649
2025-03-28 17:16:16,539 INFO o.a.j.t.JMeterThread: Thread is done: User Thread Group 1-436
2025-03-28 17:16:16,540 INFO o.a.j.t.JMeterThread: Thread finished: User Thread Group 1-436
2025-03-28 17:16:16,570 INFO o.a.j.t.JMeterThread: Thread started: User Thread Group 1-650
2025-03-28 17:16:16,573 INFO o.a.j.t.JMeterThread: Thread is done: User Thread Group 1-437
2025-03-28 17:16:16,573 INFO o.a.j.t.JMeterThread: Thread finished: User Thread Group 1-437
2025-03-28 17:16:16,617 INFO o.a.j.t.JMeterThread: Thread started: User Thread Group 1-651
2025-03-28 17:16:16,627 INFO o.a.j.t.JMeterThread: Thread is done: User Thread Group 1-438
2025-03-28 17:16:16,627 INFO o.a.j.t.JMeterThread: Thread finished: User Thread Group 1-438
2025-03-28 17:16:16,651 INFO o.a.j.t.JMeterThread: Thread is done: User Thread Group 1-439
2025-03-28 17:16:16,651 INFO o.a.j.t.JMeterThread: Thread finished: User Thread Group 1-439
2025-03-28 17:16:16,660 INFO o.a.j.t.JMeterThread: Thread started: User Thread Group 1-652
2025-03-28 17:16:16,705 INFO o.a.j.t.JMeterThread: Thread started: User Thread Group 1-653
2025-03-28 17:16:16,735 INFO o.a.j.t.JMeterThread: Thread is done: User Thread Group 1-440
2025-03-28 17:16:16,735 INFO o.a.j.t.JMeterThread: Thread finished: User Thread Group 1-440
2025-03-28 17:16:16,755 INFO o.a.j.t.JMeterThread: Thread started: User Thread Group 1-654
2025-03-28 17:16:16,767 INFO o.a.j.t.JMeterThread: Thread is done: User Thread Group 1-441
2025-03-28 17:16:16,767 INFO o.a.j.t.JMeterThread: Thread finished: User Thread Group 1-441
2025-03-28 17:16:16,795 INFO o.a.j.t.JMeterThread: Thread started: User Thread Group 1-655
2025-03-28 17:16:16,797 INFO o.a.j.t.JMeterThread: Thread is done: User Thread Group 1-442
2025-03-28 17:16:16,797 INFO o.a.j.t.JMeterThread: Thread finished: User Thread Group 1-442
2025-03-28 17:16:16,840 INFO o.a.j.t.JMeterThread: Thread is done: User Thread Group 1-443
2025-03-28 17:16:16,840 INFO o.a.j.t.JMeterThread: Thread finished: User Thread Group 1-443
2025-03-28 17:16:16,843 INFO o.a.j.t.JMeterThread: Thread started: User Thread Group 1-656
2025-03-28 17:16:16,886 INFO o.a.j.t.JMeterThread: Thread started: User Thread Group 1-657
2025-03-28 17:16:16,912 INFO o.a.j.t.JMeterThread: Thread is done: User Thread Group 1-444
2025-03-28 17:16:16,912 INFO o.a.j.t.JMeterThread: Thread finished: User Thread Group 1-444
2025-03-28 17:16:16,930 INFO o.a.j.t.JMeterThread: Thread started: User Thread Group 1-658
2025-03-28 17:16:16,970 INFO o.a.j.t.JMeterThread: Thread is done: User Thread Group 1-445
2025-03-28 17:16:16,970 INFO o.a.j.t.JMeterThread: Thread finished: User Thread Group 1-445
2025-03-28 17:16:16,976 INFO o.a.j.t.JMeterThread: Thread started: User Thread Group 1-659
2025-03-28 17:16:17,000 INFO o.a.j.t.JMeterThread: Thread is done: User Thread Group 1-446
2025-03-28 17:16:17,001 INFO o.a.j.t.JMeterThread: Thread finished: User Thread Group 1-446
2025-03-28 17:16:17,020 INFO o.a.j.t.JMeterThread: Thread started: User Thread Group 1-660
2025-03-28 17:16:17,045 INFO o.a.j.t.JMeterThread: Thread is done: User Thread Group 1-447
2025-03-28 17:16:17,045 INFO o.a.j.t.JMeterThread: Thread finished: User Thread Group 1-447
2025-03-28 17:16:17,066 INFO o.a.j.t.JMeterThread: Thread started: User Thread Group 1-661
2025-03-28 17:16:17,078 INFO o.a.j.t.JMeterThread: Thread is done: User Thread Group 1-448
2025-03-28 17:16:17,078 INFO o.a.j.t.JMeterThread: Thread finished: User Thread Group 1-448
2025-03-28 17:16:17,110 INFO o.a.j.t.JMeterThread: Thread started: User Thread Group 1-662
2025-03-28 17:16:17,123 INFO o.a.j.t.JMeterThread: Thread is done: User Thread Group 1-449
2025-03-28 17:16:17,123 INFO o.a.j.t.JMeterThread: Thread finished: User Thread Group 1-449
2025-03-28 17:16:17,154 INFO o.a.j.t.JMeterThread: Thread is done: User Thread Group 1-450
2025-03-28 17:16:17,154 INFO o.a.j.t.JMeterThread: Thread finished: User Thread Group 1-450
2025-03-28 17:16:17,156 INFO o.a.j.t.JMeterThread: Thread started: User Thread Group 1-663
2025-03-28 17:16:17,201 INFO o.a.j.t.JMeterThread: Thread started: User Thread Group 1-664
2025-03-28 17:16:17,209 INFO o.a.j.t.JMeterThread: Thread is done: User Thread Group 1-451
2025-03-28 17:16:17,209 INFO o.a.j.t.JMeterThread: Thread finished: User Thread Group 1-451
2025-03-28 17:16:17,245 INFO o.a.j.t.JMeterThread: Thread started: User Thread Group 1-665
2025-03-28 17:16:17,285 INFO o.a.j.t.JMeterThread: Thread is done: User Thread Group 1-453
2025-03-28 17:16:17,285 INFO o.a.j.t.JMeterThread: Thread finished: User Thread Group 1-453
2025-03-28 17:16:17,290 INFO o.a.j.t.JMeterThread: Thread started: User Thread Group 1-666
2025-03-28 17:16:17,295 INFO o.a.j.t.JMeterThread: Thread is done: User Thread Group 1-452
2025-03-28 17:16:17,295 INFO o.a.j.t.JMeterThread: Thread finished: User Thread Group 1-452
2025-03-28 17:16:17,336 INFO o.a.j.t.JMeterThread: Thread started: User Thread Group 1-667
2025-03-28 17:16:17,341 INFO o.a.j.t.JMeterThread: Thread is done: User Thread Group 1-454
2025-03-28 17:16:17,341 INFO o.a.j.t.JMeterThread: Thread finished: User Thread Group 1-454
2025-03-28 17:16:17,377 INFO o.a.j.t.JMeterThread: Thread is done: User Thread Group 1-455
2025-03-28 17:16:17,377 INFO o.a.j.t.JMeterThread: Thread finished: User Thread Group 1-455
2025-03-28 17:16:17,382 INFO o.a.j.t.JMeterThread: Thread started: User Thread Group 1-668
2025-03-28 17:16:17,425 INFO o.a.j.t.JMeterThread: Thread started: User Thread Group 1-669
2025-03-28 17:16:17,438 INFO o.a.j.t.JMeterThread: Thread is done: User Thread Group 1-456
2025-03-28 17:16:17,438 INFO o.a.j.t.JMeterThread: Thread finished: User Thread Group 1-456
2025-03-28 17:16:17,470 INFO o.a.j.t.JMeterThread: Thread started: User Thread Group 1-670
2025-03-28 17:16:17,515 INFO o.a.j.t.JMeterThread: Thread is done: User Thread Group 1-457
2025-03-28 17:16:17,515 INFO o.a.j.t.JMeterThread: Thread finished: User Thread Group 1-457
2025-03-28 17:16:17,516 INFO o.a.j.t.JMeterThread: Thread started: User Thread Group 1-671
2025-03-28 17:16:17,555 INFO o.a.j.t.JMeterThread: Thread is done: User Thread Group 1-458
2025-03-28 17:16:17,555 INFO o.a.j.t.JMeterThread: Thread finished: User Thread Group 1-458
2025-03-28 17:16:17,560 INFO o.a.j.t.JMeterThread: Thread started: User Thread Group 1-672
2025-03-28 17:16:17,577 INFO o.a.j.t.JMeterThread: Thread is done: User Thread Group 1-459
2025-03-28 17:16:17,577 INFO o.a.j.t.JMeterThread: Thread finished: User Thread Group 1-459
2025-03-28 17:16:17,605 INFO o.a.j.t.JMeterThread: Thread started: User Thread Group 1-673
2025-03-28 17:16:17,637 INFO o.a.j.t.JMeterThread: Thread is done: User Thread Group 1-460
2025-03-28 17:16:17,637 INFO o.a.j.t.JMeterThread: Thread finished: User Thread Group 1-460
2025-03-28 17:16:17,650 INFO o.a.j.t.JMeterThread: Thread is done: User Thread Group 1-461
2025-03-28 17:16:17,650 INFO o.a.j.t.JMeterThread: Thread finished: User Thread Group 1-461
2025-03-28 17:16:17,651 INFO o.a.j.t.JMeterThread: Thread started: User Thread Group 1-674
2025-03-28 17:16:17,684 INFO o.a.j.t.JMeterThread: Thread is done: User Thread Group 1-462
2025-03-28 17:16:17,684 INFO o.a.j.t.JMeterThread: Thread finished: User Thread Group 1-462
2025-03-28 17:16:17,696 INFO o.a.j.t.JMeterThread: Thread started: User Thread Group 1-675
2025-03-28 17:16:17,743 INFO o.a.j.t.JMeterThread: Thread started: User Thread Group 1-676
2025-03-28 17:16:17,769 INFO o.a.j.t.JMeterThread: Thread is done: User Thread Group 1-463
2025-03-28 17:16:17,769 INFO o.a.j.t.JMeterThread: Thread finished: User Thread Group 1-463
2025-03-28 17:16:17,785 INFO o.a.j.t.JMeterThread: Thread started: User Thread Group 1-677
2025-03-28 17:16:17,822 INFO o.a.j.t.JMeterThread: Thread is done: User Thread Group 1-464
2025-03-28 17:16:17,822 INFO o.a.j.t.JMeterThread: Thread finished: User Thread Group 1-464
2025-03-28 17:16:17,830 INFO o.a.j.t.JMeterThread: Thread started: User Thread Group 1-678
2025-03-28 17:16:17,848 INFO o.a.j.t.JMeterThread: Thread is done: User Thread Group 1-465
2025-03-28 17:16:17,848 INFO o.a.j.t.JMeterThread: Thread finished: User Thread Group 1-465
2025-03-28 17:16:17,874 INFO o.a.j.t.JMeterThread: Thread is done: User Thread Group 1-466
2025-03-28 17:16:17,874 INFO o.a.j.t.JMeterThread: Thread finished: User Thread Group 1-466
2025-03-28 17:16:17,876 INFO o.a.j.t.JMeterThread: Thread started: User Thread Group 1-679
2025-03-28 17:16:17,921 INFO o.a.j.t.JMeterThread: Thread started: User Thread Group 1-680
2025-03-28 17:16:17,954 INFO o.a.j.t.JMeterThread: Thread is done: User Thread Group 1-467
2025-03-28 17:16:17,955 INFO o.a.j.t.JMeterThread: Thread finished: User Thread Group 1-467
2025-03-28 17:16:17,966 INFO o.a.j.t.JMeterThread: Thread is done: User Thread Group 1-468
2025-03-28 17:16:17,966 INFO o.a.j.t.JMeterThread: Thread finished: User Thread Group 1-468
2025-03-28 17:16:17,966 INFO o.a.j.t.JMeterThread: Thread started: User Thread Group 1-681
2025-03-28 17:16:18,012 INFO o.a.j.t.JMeterThread: Thread started: User Thread Group 1-682
2025-03-28 17:16:18,019 INFO o.a.j.t.JMeterThread: Thread is done: User Thread Group 1-469
2025-03-28 17:16:18,019 INFO o.a.j.t.JMeterThread: Thread finished: User Thread Group 1-469
2025-03-28 17:16:18,056 INFO o.a.j.t.JMeterThread: Thread started: User Thread Group 1-683
2025-03-28 17:16:18,071 INFO o.a.j.t.JMeterThread: Thread is done: User Thread Group 1-470
2025-03-28 17:16:18,071 INFO o.a.j.t.JMeterThread: Thread finished: User Thread Group 1-470
2025-03-28 17:16:18,100 INFO o.a.j.t.JMeterThread: Thread started: User Thread Group 1-684
2025-03-28 17:16:18,115 INFO o.a.j.t.JMeterThread: Thread is done: User Thread Group 1-471
2025-03-28 17:16:18,115 INFO o.a.j.t.JMeterThread: Thread finished: User Thread Group 1-471
2025-03-28 17:16:18,145 INFO o.a.j.t.JMeterThread: Thread started: User Thread Group 1-685
2025-03-28 17:16:18,154 INFO o.a.j.t.JMeterThread: Thread is done: User Thread Group 1-472
2025-03-28 17:16:18,154 INFO o.a.j.t.JMeterThread: Thread finished: User Thread Group 1-472
2025-03-28 17:16:18,190 INFO o.a.j.t.JMeterThread: Thread is done: User Thread Group 1-473
2025-03-28 17:16:18,190 INFO o.a.j.t.JMeterThread: Thread finished: User Thread Group 1-473
2025-03-28 17:16:18,191 INFO o.a.j.t.JMeterThread: Thread started: User Thread Group 1-686
2025-03-28 17:16:18,235 INFO o.a.j.t.JMeterThread: Thread is done: User Thread Group 1-474
2025-03-28 17:16:18,236 INFO o.a.j.t.JMeterThread: Thread finished: User Thread Group 1-474
2025-03-28 17:16:18,236 INFO o.a.j.t.JMeterThread: Thread started: User Thread Group 1-687
2025-03-28 17:16:18,281 INFO o.a.j.t.JMeterThread: Thread started: User Thread Group 1-688
2025-03-28 17:16:18,323 INFO o.a.j.t.JMeterThread: Thread is done: User Thread Group 1-475
2025-03-28 17:16:18,323 INFO o.a.j.t.JMeterThread: Thread finished: User Thread Group 1-475
2025-03-28 17:16:18,326 INFO o.a.j.t.JMeterThread: Thread started: User Thread Group 1-689
2025-03-28 17:16:18,336 INFO o.a.j.t.JMeterThread: Thread is done: User Thread Group 1-476
2025-03-28 17:16:18,336 INFO o.a.j.t.JMeterThread: Thread finished: User Thread Group 1-476
2025-03-28 17:16:18,371 INFO o.a.j.t.JMeterThread: Thread started: User Thread Group 1-690
2025-03-28 17:16:18,375 INFO o.a.j.t.JMeterThread: Thread is done: User Thread Group 1-477
2025-03-28 17:16:18,376 INFO o.a.j.t.JMeterThread: Thread finished: User Thread Group 1-477
2025-03-28 17:16:18,416 INFO o.a.j.t.JMeterThread: Thread started: User Thread Group 1-691
2025-03-28 17:16:18,419 INFO o.a.j.t.JMeterThread: Thread is done: User Thread Group 1-478
2025-03-28 17:16:18,419 INFO o.a.j.t.JMeterThread: Thread finished: User Thread Group 1-478
2025-03-28 17:16:18,460 INFO o.a.j.t.JMeterThread: Thread started: User Thread Group 1-692
2025-03-28 17:16:18,485 INFO o.a.j.t.JMeterThread: Thread is done: User Thread Group 1-479
2025-03-28 17:16:18,485 INFO o.a.j.t.JMeterThread: Thread finished: User Thread Group 1-479
2025-03-28 17:16:18,505 INFO o.a.j.t.JMeterThread: Thread started: User Thread Group 1-693
2025-03-28 17:16:18,515 INFO o.a.j.t.JMeterThread: Thread is done: User Thread Group 1-480
2025-03-28 17:16:18,515 INFO o.a.j.t.JMeterThread: Thread finished: User Thread Group 1-480
2025-03-28 17:16:18,540 INFO o.a.j.t.JMeterThread: Thread is done: User Thread Group 1-481
2025-03-28 17:16:18,540 INFO o.a.j.t.JMeterThread: Thread finished: User Thread Group 1-481
2025-03-28 17:16:18,551 INFO o.a.j.t.JMeterThread: Thread started: User Thread Group 1-694
2025-03-28 17:16:18,588 INFO o.a.j.t.JMeterThread: Thread is done: User Thread Group 1-482
2025-03-28 17:16:18,588 INFO o.a.j.t.JMeterThread: Thread finished: User Thread Group 1-482
2025-03-28 17:16:18,595 INFO o.a.j.t.JMeterThread: Thread started: User Thread Group 1-695
2025-03-28 17:16:18,641 INFO o.a.j.t.JMeterThread: Thread started: User Thread Group 1-696
2025-03-28 17:16:18,668 INFO o.a.j.t.JMeterThread: Thread is done: User Thread Group 1-483
2025-03-28 17:16:18,669 INFO o.a.j.t.JMeterThread: Thread finished: User Thread Group 1-483
2025-03-28 17:16:18,685 INFO o.a.j.t.JMeterThread: Thread started: User Thread Group 1-697
2025-03-28 17:16:18,728 INFO o.a.j.t.JMeterThread: Thread is done: User Thread Group 1-484
2025-03-28 17:16:18,728 INFO o.a.j.t.JMeterThread: Thread finished: User Thread Group 1-484
2025-03-28 17:16:18,730 INFO o.a.j.t.JMeterThread: Thread started: User Thread Group 1-698
2025-03-28 17:16:18,736 INFO o.a.j.t.JMeterThread: Thread is done: User Thread Group 1-485
2025-03-28 17:16:18,736 INFO o.a.j.t.JMeterThread: Thread finished: User Thread Group 1-485
2025-03-28 17:16:18,776 INFO o.a.j.t.JMeterThread: Thread started: User Thread Group 1-699
2025-03-28 17:16:18,792 INFO o.a.j.t.JMeterThread: Thread is done: User Thread Group 1-486
2025-03-28 17:16:18,792 INFO o.a.j.t.JMeterThread: Thread finished: User Thread Group 1-486
2025-03-28 17:16:18,820 INFO o.a.j.t.JMeterThread: Thread started: User Thread Group 1-700
2025-03-28 17:16:18,827 INFO o.a.j.t.JMeterThread: Thread is done: User Thread Group 1-487
2025-03-28 17:16:18,827 INFO o.a.j.t.JMeterThread: Thread finished: User Thread Group 1-487
2025-03-28 17:16:18,852 INFO o.a.j.t.JMeterThread: Thread is done: User Thread Group 1-488
2025-03-28 17:16:18,852 INFO o.a.j.t.JMeterThread: Thread finished: User Thread Group 1-488
2025-03-28 17:16:18,866 INFO o.a.j.t.JMeterThread: Thread started: User Thread Group 1-701
2025-03-28 17:16:18,911 INFO o.a.j.t.JMeterThread: Thread started: User Thread Group 1-702
2025-03-28 17:16:18,919 INFO o.a.j.t.JMeterThread: Thread is done: User Thread Group 1-489
2025-03-28 17:16:18,919 INFO o.a.j.t.JMeterThread: Thread finished: User Thread Group 1-489
2025-03-28 17:16:18,946 INFO o.a.j.t.JMeterThread: Thread is done: User Thread Group 1-490
2025-03-28 17:16:18,946 INFO o.a.j.t.JMeterThread: Thread finished: User Thread Group 1-490
2025-03-28 17:16:18,955 INFO o.a.j.t.JMeterThread: Thread started: User Thread Group 1-703
2025-03-28 17:16:18,995 INFO o.a.j.t.JMeterThread: Thread is done: User Thread Group 1-491
2025-03-28 17:16:18,996 INFO o.a.j.t.JMeterThread: Thread finished: User Thread Group 1-491
2025-03-28 17:16:19,000 INFO o.a.j.t.JMeterThread: Thread started: User Thread Group 1-704
2025-03-28 17:16:19,045 INFO o.a.j.t.JMeterThread: Thread started: User Thread Group 1-705
2025-03-28 17:16:19,046 INFO o.a.j.t.JMeterThread: Thread is done: User Thread Group 1-492
2025-03-28 17:16:19,046 INFO o.a.j.t.JMeterThread: Thread finished: User Thread Group 1-492
2025-03-28 17:16:19,090 INFO o.a.j.t.JMeterThread: Thread started: User Thread Group 1-706
2025-03-28 17:16:19,119 INFO o.a.j.t.JMeterThread: Thread is done: User Thread Group 1-493
2025-03-28 17:16:19,119 INFO o.a.j.t.JMeterThread: Thread finished: User Thread Group 1-493
2025-03-28 17:16:19,135 INFO o.a.j.t.JMeterThread: Thread started: User Thread Group 1-707
2025-03-28 17:16:19,136 INFO o.a.j.t.JMeterThread: Thread is done: User Thread Group 1-494
2025-03-28 17:16:19,136 INFO o.a.j.t.JMeterThread: Thread finished: User Thread Group 1-494
2025-03-28 17:16:19,180 INFO o.a.j.t.JMeterThread: Thread started: User Thread Group 1-708
2025-03-28 17:16:19,184 INFO o.a.j.t.JMeterThread: Thread is done: User Thread Group 1-495
2025-03-28 17:16:19,185 INFO o.a.j.t.JMeterThread: Thread finished: User Thread Group 1-495
2025-03-28 17:16:19,225 INFO o.a.j.t.JMeterThread: Thread started: User Thread Group 1-709
2025-03-28 17:16:19,233 INFO o.a.j.t.JMeterThread: Thread is done: User Thread Group 1-496
2025-03-28 17:16:19,233 INFO o.a.j.t.JMeterThread: Thread finished: User Thread Group 1-496
2025-03-28 17:16:19,261 INFO o.a.j.t.JMeterThread: Thread is done: User Thread Group 1-497
2025-03-28 17:16:19,262 INFO o.a.j.t.JMeterThread: Thread finished: User Thread Group 1-497
2025-03-28 17:16:19,271 INFO o.a.j.t.JMeterThread: Thread started: User Thread Group 1-710
2025-03-28 17:16:19,305 INFO o.a.j.t.JMeterThread: Thread is done: User Thread Group 1-498
2025-03-28 17:16:19,305 INFO o.a.j.t.JMeterThread: Thread finished: User Thread Group 1-498
2025-03-28 17:16:19,316 INFO o.a.j.t.JMeterThread: Thread started: User Thread Group 1-711
2025-03-28 17:16:19,360 INFO o.a.j.t.JMeterThread: Thread started: User Thread Group 1-712
2025-03-28 17:16:19,361 INFO o.a.j.t.JMeterThread: Thread is done: User Thread Group 1-499
2025-03-28 17:16:19,361 INFO o.a.j.t.JMeterThread: Thread finished: User Thread Group 1-499
2025-03-28 17:16:19,398 INFO o.a.j.t.JMeterThread: Thread is done: User Thread Group 1-500
2025-03-28 17:16:19,398 INFO o.a.j.t.JMeterThread: Thread finished: User Thread Group 1-500
2025-03-28 17:16:19,408 INFO o.a.j.t.JMeterThread: Thread started: User Thread Group 1-713
2025-03-28 17:16:19,451 INFO o.a.j.t.JMeterThread: Thread started: User Thread Group 1-714
2025-03-28 17:16:19,456 INFO o.a.j.t.JMeterThread: Thread is done: User Thread Group 1-501
2025-03-28 17:16:19,456 INFO o.a.j.t.JMeterThread: Thread finished: User Thread Group 1-501
2025-03-28 17:16:19,495 INFO o.a.j.t.JMeterThread: Thread started: User Thread Group 1-715
2025-03-28 17:16:19,507 INFO o.a.j.t.JMeterThread: Thread is done: User Thread Group 1-502
2025-03-28 17:16:19,507 INFO o.a.j.t.JMeterThread: Thread finished: User Thread Group 1-502
2025-03-28 17:16:19,540 INFO o.a.j.t.JMeterThread: Thread started: User Thread Group 1-716
2025-03-28 17:16:19,551 INFO o.a.j.t.JMeterThread: Thread is done: User Thread Group 1-503
2025-03-28 17:16:19,553 INFO o.a.j.t.JMeterThread: Thread finished: User Thread Group 1-503
2025-03-28 17:16:19,568 INFO o.a.j.t.JMeterThread: Thread is done: User Thread Group 1-504
2025-03-28 17:16:19,568 INFO o.a.j.t.JMeterThread: Thread finished: User Thread Group 1-504
2025-03-28 17:16:19,586 INFO o.a.j.t.JMeterThread: Thread started: User Thread Group 1-717
2025-03-28 17:16:19,616 INFO o.a.j.t.JMeterThread: Thread is done: User Thread Group 1-505
2025-03-28 17:16:19,616 INFO o.a.j.t.JMeterThread: Thread finished: User Thread Group 1-505
2025-03-28 17:16:19,630 INFO o.a.j.t.JMeterThread: Thread started: User Thread Group 1-718
2025-03-28 17:16:19,675 INFO o.a.j.t.JMeterThread: Thread started: User Thread Group 1-719
2025-03-28 17:16:19,684 INFO o.a.j.t.JMeterThread: Thread is done: User Thread Group 1-506
2025-03-28 17:16:19,684 INFO o.a.j.t.JMeterThread: Thread finished: User Thread Group 1-506
2025-03-28 17:16:19,721 INFO o.a.j.t.JMeterThread: Thread started: User Thread Group 1-720
2025-03-28 17:16:19,754 INFO o.a.j.t.JMeterThread: Thread is done: User Thread Group 1-507
2025-03-28 17:16:19,754 INFO o.a.j.t.JMeterThread: Thread finished: User Thread Group 1-507
2025-03-28 17:16:19,766 INFO o.a.j.t.JMeterThread: Thread started: User Thread Group 1-721
2025-03-28 17:16:19,779 INFO o.a.j.t.JMeterThread: Thread is done: User Thread Group 1-508
2025-03-28 17:16:19,780 INFO o.a.j.t.JMeterThread: Thread finished: User Thread Group 1-508
2025-03-28 17:16:19,810 INFO o.a.j.t.JMeterThread: Thread started: User Thread Group 1-722
2025-03-28 17:16:19,835 INFO o.a.j.t.JMeterThread: Thread is done: User Thread Group 1-509
2025-03-28 17:16:19,835 INFO o.a.j.t.JMeterThread: Thread finished: User Thread Group 1-509
2025-03-28 17:16:19,847 INFO o.a.j.t.JMeterThread: Thread is done: User Thread Group 1-510
2025-03-28 17:16:19,847 INFO o.a.j.t.JMeterThread: Thread finished: User Thread Group 1-510
2025-03-28 17:16:19,855 INFO o.a.j.t.JMeterThread: Thread started: User Thread Group 1-723
2025-03-28 17:16:19,893 INFO o.a.j.t.JMeterThread: Thread is done: User Thread Group 1-511
2025-03-28 17:16:19,893 INFO o.a.j.t.JMeterThread: Thread finished: User Thread Group 1-511
2025-03-28 17:16:19,901 INFO o.a.j.t.JMeterThread: Thread started: User Thread Group 1-724
2025-03-28 17:16:19,946 INFO o.a.j.t.JMeterThread: Thread started: User Thread Group 1-725
2025-03-28 17:16:19,946 INFO o.a.j.t.JMeterThread: Thread is done: User Thread Group 1-512
2025-03-28 17:16:19,947 INFO o.a.j.t.JMeterThread: Thread finished: User Thread Group 1-512
2025-03-28 17:16:19,984 INFO o.a.j.t.JMeterThread: Thread is done: User Thread Group 1-513
2025-03-28 17:16:19,984 INFO o.a.j.t.JMeterThread: Thread finished: User Thread Group 1-513
2025-03-28 17:16:19,991 INFO o.a.j.t.JMeterThread: Thread started: User Thread Group 1-726
2025-03-28 17:16:20,025 INFO o.a.j.t.JMeterThread: Thread is done: User Thread Group 1-514
2025-03-28 17:16:20,025 INFO o.a.j.t.JMeterThread: Thread finished: User Thread Group 1-514
2025-03-28 17:16:20,036 INFO o.a.j.t.JMeterThread: Thread started: User Thread Group 1-727
2025-03-28 17:16:20,081 INFO o.a.j.t.JMeterThread: Thread started: User Thread Group 1-728
2025-03-28 17:16:20,088 INFO o.a.j.t.JMeterThread: Thread is done: User Thread Group 1-515
2025-03-28 17:16:20,088 INFO o.a.j.t.JMeterThread: Thread finished: User Thread Group 1-515
2025-03-28 17:16:20,125 INFO o.a.j.t.JMeterThread: Thread started: User Thread Group 1-729
2025-03-28 17:16:20,126 INFO o.a.j.t.JMeterThread: Thread is done: User Thread Group 1-516
2025-03-28 17:16:20,126 INFO o.a.j.t.JMeterThread: Thread finished: User Thread Group 1-516
2025-03-28 17:16:20,151 INFO o.a.j.t.JMeterThread: Thread is done: User Thread Group 1-517
2025-03-28 17:16:20,151 INFO o.a.j.t.JMeterThread: Thread finished: User Thread Group 1-517
2025-03-28 17:16:20,172 INFO o.a.j.t.JMeterThread: Thread started: User Thread Group 1-730
2025-03-28 17:16:20,215 INFO o.a.j.t.JMeterThread: Thread started: User Thread Group 1-731
2025-03-28 17:16:20,231 INFO o.a.j.t.JMeterThread: Thread is done: User Thread Group 1-518
2025-03-28 17:16:20,231 INFO o.a.j.t.JMeterThread: Thread finished: User Thread Group 1-518
2025-03-28 17:16:20,260 INFO o.a.j.t.JMeterThread: Thread started: User Thread Group 1-732
2025-03-28 17:16:20,265 INFO o.a.j.t.JMeterThread: Thread is done: User Thread Group 1-519
2025-03-28 17:16:20,265 INFO o.a.j.t.JMeterThread: Thread finished: User Thread Group 1-519
2025-03-28 17:16:20,306 INFO o.a.j.t.JMeterThread: Thread started: User Thread Group 1-733
2025-03-28 17:16:20,324 INFO o.a.j.t.JMeterThread: Thread is done: User Thread Group 1-520
2025-03-28 17:16:20,324 INFO o.a.j.t.JMeterThread: Thread finished: User Thread Group 1-520
2025-03-28 17:16:20,350 INFO o.a.j.t.JMeterThread: Thread is done: User Thread Group 1-521
2025-03-28 17:16:20,350 INFO o.a.j.t.JMeterThread: Thread finished: User Thread Group 1-521
2025-03-28 17:16:20,350 INFO o.a.j.t.JMeterThread: Thread started: User Thread Group 1-734
2025-03-28 17:16:20,395 INFO o.a.j.t.JMeterThread: Thread started: User Thread Group 1-735
2025-03-28 17:16:20,405 INFO o.a.j.t.JMeterThread: Thread is done: User Thread Group 1-522
2025-03-28 17:16:20,405 INFO o.a.j.t.JMeterThread: Thread finished: User Thread Group 1-522
2025-03-28 17:16:20,440 INFO o.a.j.t.JMeterThread: Thread started: User Thread Group 1-736
2025-03-28 17:16:20,458 INFO o.a.j.t.JMeterThread: Thread is done: User Thread Group 1-523
2025-03-28 17:16:20,458 INFO o.a.j.t.JMeterThread: Thread finished: User Thread Group 1-523
2025-03-28 17:16:20,467 INFO o.a.j.t.JMeterThread: Thread is done: User Thread Group 1-524
2025-03-28 17:16:20,467 INFO o.a.j.t.JMeterThread: Thread finished: User Thread Group 1-524
2025-03-28 17:16:20,485 INFO o.a.j.t.JMeterThread: Thread started: User Thread Group 1-737
2025-03-28 17:16:20,531 INFO o.a.j.t.JMeterThread: Thread started: User Thread Group 1-738
2025-03-28 17:16:20,536 INFO o.a.j.t.JMeterThread: Thread is done: User Thread Group 1-525
2025-03-28 17:16:20,536 INFO o.a.j.t.JMeterThread: Thread finished: User Thread Group 1-525
2025-03-28 17:16:20,567 INFO o.a.j.t.JMeterThread: Thread is done: User Thread Group 1-526
2025-03-28 17:16:20,567 INFO o.a.j.t.JMeterThread: Thread finished: User Thread Group 1-526
2025-03-28 17:16:20,576 INFO o.a.j.t.JMeterThread: Thread started: User Thread Group 1-739
2025-03-28 17:16:20,621 INFO o.a.j.t.JMeterThread: Thread started: User Thread Group 1-740
2025-03-28 17:16:20,630 INFO o.a.j.t.JMeterThread: Thread is done: User Thread Group 1-527
2025-03-28 17:16:20,630 INFO o.a.j.t.JMeterThread: Thread finished: User Thread Group 1-527
2025-03-28 17:16:20,666 INFO o.a.j.t.JMeterThread: Thread started: User Thread Group 1-741
2025-03-28 17:16:20,667 INFO o.a.j.t.JMeterThread: Thread is done: User Thread Group 1-528
2025-03-28 17:16:20,667 INFO o.a.j.t.JMeterThread: Thread finished: User Thread Group 1-528
2025-03-28 17:16:20,710 INFO o.a.j.t.JMeterThread: Thread started: User Thread Group 1-742
2025-03-28 17:16:20,733 INFO o.a.j.t.JMeterThread: Thread is done: User Thread Group 1-529
2025-03-28 17:16:20,733 INFO o.a.j.t.JMeterThread: Thread finished: User Thread Group 1-529
2025-03-28 17:16:20,754 INFO o.a.j.t.JMeterThread: Thread is done: User Thread Group 1-530
2025-03-28 17:16:20,755 INFO o.a.j.t.JMeterThread: Thread finished: User Thread Group 1-530
2025-03-28 17:16:20,755 INFO o.a.j.t.JMeterThread: Thread started: User Thread Group 1-743
2025-03-28 17:16:20,800 INFO o.a.j.t.JMeterThread: Thread started: User Thread Group 1-744
2025-03-28 17:16:20,800 INFO o.a.j.t.JMeterThread: Thread is done: User Thread Group 1-531
2025-03-28 17:16:20,800 INFO o.a.j.t.JMeterThread: Thread finished: User Thread Group 1-531
2025-03-28 17:16:20,843 INFO o.a.j.t.JMeterThread: Thread is done: User Thread Group 1-532
2025-03-28 17:16:20,844 INFO o.a.j.t.JMeterThread: Thread finished: User Thread Group 1-532
2025-03-28 17:16:20,846 INFO o.a.j.t.JMeterThread: Thread started: User Thread Group 1-745
2025-03-28 17:16:20,890 INFO o.a.j.t.JMeterThread: Thread started: User Thread Group 1-746
2025-03-28 17:16:20,891 INFO o.a.j.t.JMeterThread: Thread is done: User Thread Group 1-533
2025-03-28 17:16:20,892 INFO o.a.j.t.JMeterThread: Thread finished: User Thread Group 1-533
2025-03-28 17:16:20,925 INFO o.a.j.t.JMeterThread: Thread is done: User Thread Group 1-534
2025-03-28 17:16:20,925 INFO o.a.j.t.JMeterThread: Thread finished: User Thread Group 1-534
2025-03-28 17:16:20,935 INFO o.a.j.t.JMeterThread: Thread started: User Thread Group 1-747
2025-03-28 17:16:20,965 INFO o.a.j.t.JMeterThread: Thread is done: User Thread Group 1-535
2025-03-28 17:16:20,965 INFO o.a.j.t.JMeterThread: Thread finished: User Thread Group 1-535
2025-03-28 17:16:20,980 INFO o.a.j.t.JMeterThread: Thread started: User Thread Group 1-748
2025-03-28 17:16:21,025 INFO o.a.j.t.JMeterThread: Thread started: User Thread Group 1-749
2025-03-28 17:16:21,051 INFO o.a.j.t.JMeterThread: Thread is done: User Thread Group 1-536
2025-03-28 17:16:21,052 INFO o.a.j.t.JMeterThread: Thread finished: User Thread Group 1-536
2025-03-28 17:16:21,070 INFO o.a.j.t.JMeterThread: Thread started: User Thread Group 1-750
2025-03-28 17:16:21,081 INFO o.a.j.t.JMeterThread: Thread is done: User Thread Group 1-537
2025-03-28 17:16:21,081 INFO o.a.j.t.JMeterThread: Thread finished: User Thread Group 1-537
2025-03-28 17:16:21,115 INFO o.a.j.t.JMeterThread: Thread started: User Thread Group 1-751
2025-03-28 17:16:21,119 INFO o.a.j.t.JMeterThread: Thread is done: User Thread Group 1-538
2025-03-28 17:16:21,119 INFO o.a.j.t.JMeterThread: Thread finished: User Thread Group 1-538
2025-03-28 17:16:21,161 INFO o.a.j.t.JMeterThread: Thread started: User Thread Group 1-752
2025-03-28 17:16:21,179 INFO o.a.j.t.JMeterThread: Thread is done: User Thread Group 1-539
2025-03-28 17:16:21,179 INFO o.a.j.t.JMeterThread: Thread finished: User Thread Group 1-539
2025-03-28 17:16:21,205 INFO o.a.j.t.JMeterThread: Thread started: User Thread Group 1-753
2025-03-28 17:16:21,215 INFO o.a.j.t.JMeterThread: Thread is done: User Thread Group 1-540
2025-03-28 17:16:21,215 INFO o.a.j.t.JMeterThread: Thread finished: User Thread Group 1-540
2025-03-28 17:16:21,252 INFO o.a.j.t.JMeterThread: Thread started: User Thread Group 1-754
2025-03-28 17:16:21,262 INFO o.a.j.t.JMeterThread: Thread is done: User Thread Group 1-541
2025-03-28 17:16:21,263 INFO o.a.j.t.JMeterThread: Thread finished: User Thread Group 1-541
2025-03-28 17:16:21,295 INFO o.a.j.t.JMeterThread: Thread started: User Thread Group 1-755
2025-03-28 17:16:21,302 INFO o.a.j.t.JMeterThread: Thread is done: User Thread Group 1-542
2025-03-28 17:16:21,302 INFO o.a.j.t.JMeterThread: Thread finished: User Thread Group 1-542
2025-03-28 17:16:21,318 INFO o.a.j.t.JMeterThread: Thread is done: User Thread Group 1-543
2025-03-28 17:16:21,318 INFO o.a.j.t.JMeterThread: Thread finished: User Thread Group 1-543
2025-03-28 17:16:21,340 INFO o.a.j.t.JMeterThread: Thread started: User Thread Group 1-756
2025-03-28 17:16:21,371 INFO o.a.j.t.JMeterThread: Thread is done: User Thread Group 1-544
2025-03-28 17:16:21,372 INFO o.a.j.t.JMeterThread: Thread finished: User Thread Group 1-544
2025-03-28 17:16:21,385 INFO o.a.j.t.JMeterThread: Thread started: User Thread Group 1-757
2025-03-28 17:16:21,422 INFO o.a.j.t.JMeterThread: Thread is done: User Thread Group 1-545
2025-03-28 17:16:21,423 INFO o.a.j.t.JMeterThread: Thread finished: User Thread Group 1-545
2025-03-28 17:16:21,432 INFO o.a.j.t.JMeterThread: Thread started: User Thread Group 1-758
2025-03-28 17:16:21,470 INFO o.a.j.t.JMeterThread: Thread is done: User Thread Group 1-546
2025-03-28 17:16:21,471 INFO o.a.j.t.JMeterThread: Thread finished: User Thread Group 1-546
2025-03-28 17:16:21,476 INFO o.a.j.t.JMeterThread: Thread started: User Thread Group 1-759
2025-03-28 17:16:21,514 INFO o.a.j.t.JMeterThread: Thread is done: User Thread Group 1-547
2025-03-28 17:16:21,515 INFO o.a.j.t.JMeterThread: Thread finished: User Thread Group 1-547
2025-03-28 17:16:21,522 INFO o.a.j.t.JMeterThread: Thread started: User Thread Group 1-760
2025-03-28 17:16:21,557 INFO o.a.j.t.JMeterThread: Thread is done: User Thread Group 1-548
2025-03-28 17:16:21,557 INFO o.a.j.t.JMeterThread: Thread finished: User Thread Group 1-548
2025-03-28 17:16:21,566 INFO o.a.j.t.JMeterThread: Thread started: User Thread Group 1-761
2025-03-28 17:16:21,612 INFO o.a.j.t.JMeterThread: Thread started: User Thread Group 1-762
2025-03-28 17:16:21,617 INFO o.a.j.t.JMeterThread: Thread is done: User Thread Group 1-549
2025-03-28 17:16:21,617 INFO o.a.j.t.JMeterThread: Thread finished: User Thread Group 1-549
2025-03-28 17:16:21,655 INFO o.a.j.t.JMeterThread: Thread is done: User Thread Group 1-550
2025-03-28 17:16:21,655 INFO o.a.j.t.JMeterThread: Thread finished: User Thread Group 1-550
2025-03-28 17:16:21,655 INFO o.a.j.t.JMeterThread: Thread started: User Thread Group 1-763
2025-03-28 17:16:21,700 INFO o.a.j.t.JMeterThread: Thread started: User Thread Group 1-764
2025-03-28 17:16:21,716 INFO o.a.j.t.JMeterThread: Thread is done: User Thread Group 1-551
2025-03-28 17:16:21,716 INFO o.a.j.t.JMeterThread: Thread finished: User Thread Group 1-551
2025-03-28 17:16:21,745 INFO o.a.j.t.JMeterThread: Thread started: User Thread Group 1-765
2025-03-28 17:16:21,752 INFO o.a.j.t.JMeterThread: Thread is done: User Thread Group 1-552
2025-03-28 17:16:21,752 INFO o.a.j.t.JMeterThread: Thread finished: User Thread Group 1-552
2025-03-28 17:16:21,784 INFO o.a.j.t.JMeterThread: Thread is done: User Thread Group 1-553
2025-03-28 17:16:21,784 INFO o.a.j.t.JMeterThread: Thread finished: User Thread Group 1-553
2025-03-28 17:16:21,790 INFO o.a.j.t.JMeterThread: Thread started: User Thread Group 1-766
2025-03-28 17:16:21,828 INFO o.a.j.t.JMeterThread: Thread is done: User Thread Group 1-554
2025-03-28 17:16:21,828 INFO o.a.j.t.JMeterThread: Thread finished: User Thread Group 1-554
2025-03-28 17:16:21,835 INFO o.a.j.t.JMeterThread: Thread started: User Thread Group 1-767
2025-03-28 17:16:21,880 INFO o.a.j.t.JMeterThread: Thread started: User Thread Group 1-768
2025-03-28 17:16:21,883 INFO o.a.j.t.JMeterThread: Thread is done: User Thread Group 1-555
2025-03-28 17:16:21,883 INFO o.a.j.t.JMeterThread: Thread finished: User Thread Group 1-555
2025-03-28 17:16:21,925 INFO o.a.j.t.JMeterThread: Thread started: User Thread Group 1-769
2025-03-28 17:16:21,926 INFO o.a.j.t.JMeterThread: Thread is done: User Thread Group 1-556
2025-03-28 17:16:21,926 INFO o.a.j.t.JMeterThread: Thread finished: User Thread Group 1-556
2025-03-28 17:16:21,970 INFO o.a.j.t.JMeterThread: Thread started: User Thread Group 1-770
2025-03-28 17:16:21,989 INFO o.a.j.t.JMeterThread: Thread is done: User Thread Group 1-557
2025-03-28 17:16:21,989 INFO o.a.j.t.JMeterThread: Thread finished: User Thread Group 1-557
2025-03-28 17:16:22,014 INFO o.a.j.t.JMeterThread: Thread is done: User Thread Group 1-558
2025-03-28 17:16:22,014 INFO o.a.j.t.JMeterThread: Thread finished: User Thread Group 1-558
2025-03-28 17:16:22,015 INFO o.a.j.t.JMeterThread: Thread started: User Thread Group 1-771
2025-03-28 17:16:22,061 INFO o.a.j.t.JMeterThread: Thread started: User Thread Group 1-772
2025-03-28 17:16:22,067 INFO o.a.j.t.JMeterThread: Thread is done: User Thread Group 1-559
2025-03-28 17:16:22,067 INFO o.a.j.t.JMeterThread: Thread finished: User Thread Group 1-559
2025-03-28 17:16:22,105 INFO o.a.j.t.JMeterThread: Thread started: User Thread Group 1-773
2025-03-28 17:16:22,116 INFO o.a.j.t.JMeterThread: Thread is done: User Thread Group 1-560
2025-03-28 17:16:22,116 INFO o.a.j.t.JMeterThread: Thread finished: User Thread Group 1-560
2025-03-28 17:16:22,151 INFO o.a.j.t.JMeterThread: Thread started: User Thread Group 1-774
2025-03-28 17:16:22,179 INFO o.a.j.t.JMeterThread: Thread is done: User Thread Group 1-561
2025-03-28 17:16:22,179 INFO o.a.j.t.JMeterThread: Thread finished: User Thread Group 1-561
2025-03-28 17:16:22,195 INFO o.a.j.t.JMeterThread: Thread started: User Thread Group 1-775
2025-03-28 17:16:22,241 INFO o.a.j.t.JMeterThread: Thread started: User Thread Group 1-776
2025-03-28 17:16:22,247 INFO o.a.j.t.JMeterThread: Thread is done: User Thread Group 1-563
2025-03-28 17:16:22,247 INFO o.a.j.t.JMeterThread: Thread finished: User Thread Group 1-563
2025-03-28 17:16:22,278 INFO o.a.j.t.JMeterThread: Thread is done: User Thread Group 1-562
2025-03-28 17:16:22,279 INFO o.a.j.t.JMeterThread: Thread finished: User Thread Group 1-562
2025-03-28 17:16:22,285 INFO o.a.j.t.JMeterThread: Thread is done: User Thread Group 1-564
2025-03-28 17:16:22,285 INFO o.a.j.t.JMeterThread: Thread finished: User Thread Group 1-564
2025-03-28 17:16:22,286 INFO o.a.j.t.JMeterThread: Thread started: User Thread Group 1-777
2025-03-28 17:16:22,330 INFO o.a.j.t.JMeterThread: Thread is done: User Thread Group 1-565
2025-03-28 17:16:22,330 INFO o.a.j.t.JMeterThread: Thread finished: User Thread Group 1-565
2025-03-28 17:16:22,332 INFO o.a.j.t.JMeterThread: Thread started: User Thread Group 1-778
2025-03-28 17:16:22,375 INFO o.a.j.t.JMeterThread: Thread started: User Thread Group 1-779
2025-03-28 17:16:22,379 INFO o.a.j.t.JMeterThread: Thread is done: User Thread Group 1-566
2025-03-28 17:16:22,379 INFO o.a.j.t.JMeterThread: Thread finished: User Thread Group 1-566
2025-03-28 17:16:22,421 INFO o.a.j.t.JMeterThread: Thread started: User Thread Group 1-780
2025-03-28 17:16:22,423 INFO o.a.j.t.JMeterThread: Thread is done: User Thread Group 1-567
2025-03-28 17:16:22,423 INFO o.a.j.t.JMeterThread: Thread finished: User Thread Group 1-567
2025-03-28 17:16:22,463 INFO o.a.j.t.JMeterThread: Thread is done: User Thread Group 1-568
2025-03-28 17:16:22,463 INFO o.a.j.t.JMeterThread: Thread finished: User Thread Group 1-568
2025-03-28 17:16:22,465 INFO o.a.j.t.JMeterThread: Thread started: User Thread Group 1-781
2025-03-28 17:16:22,510 INFO o.a.j.t.JMeterThread: Thread started: User Thread Group 1-782
2025-03-28 17:16:22,513 INFO o.a.j.t.JMeterThread: Thread is done: User Thread Group 1-569
2025-03-28 17:16:22,513 INFO o.a.j.t.JMeterThread: Thread finished: User Thread Group 1-569
2025-03-28 17:16:22,543 INFO o.a.j.t.JMeterThread: Thread is done: User Thread Group 1-570
2025-03-28 17:16:22,543 INFO o.a.j.t.JMeterThread: Thread finished: User Thread Group 1-570
2025-03-28 17:16:22,558 INFO o.a.j.t.JMeterThread: Thread started: User Thread Group 1-783
2025-03-28 17:16:22,601 INFO o.a.j.t.JMeterThread: Thread started: User Thread Group 1-784
2025-03-28 17:16:22,619 INFO o.a.j.t.JMeterThread: Thread is done: User Thread Group 1-571
2025-03-28 17:16:22,619 INFO o.a.j.t.JMeterThread: Thread finished: User Thread Group 1-571
2025-03-28 17:16:22,644 INFO o.a.j.t.JMeterThread: Thread is done: User Thread Group 1-572
2025-03-28 17:16:22,644 INFO o.a.j.t.JMeterThread: Thread finished: User Thread Group 1-572
2025-03-28 17:16:22,647 INFO o.a.j.t.JMeterThread: Thread started: User Thread Group 1-785
2025-03-28 17:16:22,690 INFO o.a.j.t.JMeterThread: Thread started: User Thread Group 1-786
2025-03-28 17:16:22,729 INFO o.a.j.t.JMeterThread: Thread is done: User Thread Group 1-573
2025-03-28 17:16:22,729 INFO o.a.j.t.JMeterThread: Thread finished: User Thread Group 1-573
2025-03-28 17:16:22,735 INFO o.a.j.t.JMeterThread: Thread started: User Thread Group 1-787
2025-03-28 17:16:22,776 INFO o.a.j.t.JMeterThread: Thread is done: User Thread Group 1-574
2025-03-28 17:16:22,776 INFO o.a.j.t.JMeterThread: Thread finished: User Thread Group 1-574
2025-03-28 17:16:22,781 INFO o.a.j.t.JMeterThread: Thread started: User Thread Group 1-788
2025-03-28 17:16:22,806 INFO o.a.j.t.JMeterThread: Thread is done: User Thread Group 1-575
2025-03-28 17:16:22,806 INFO o.a.j.t.JMeterThread: Thread finished: User Thread Group 1-575
2025-03-28 17:16:22,825 INFO o.a.j.t.JMeterThread: Thread started: User Thread Group 1-789
2025-03-28 17:16:22,837 INFO o.a.j.t.JMeterThread: Thread is done: User Thread Group 1-576
2025-03-28 17:16:22,837 INFO o.a.j.t.JMeterThread: Thread finished: User Thread Group 1-576
2025-03-28 17:16:22,871 INFO o.a.j.t.JMeterThread: Thread started: User Thread Group 1-790
2025-03-28 17:16:22,873 INFO o.a.j.t.JMeterThread: Thread is done: User Thread Group 1-577
2025-03-28 17:16:22,873 INFO o.a.j.t.JMeterThread: Thread finished: User Thread Group 1-577
2025-03-28 17:16:22,915 INFO o.a.j.t.JMeterThread: Thread started: User Thread Group 1-791
2025-03-28 17:16:22,916 INFO o.a.j.t.JMeterThread: Thread is done: User Thread Group 1-578
2025-03-28 17:16:22,916 INFO o.a.j.t.JMeterThread: Thread finished: User Thread Group 1-578
2025-03-28 17:16:22,960 INFO o.a.j.t.JMeterThread: Thread started: User Thread Group 1-792
2025-03-28 17:16:23,005 INFO o.a.j.t.JMeterThread: Thread is done: User Thread Group 1-579
2025-03-28 17:16:23,005 INFO o.a.j.t.JMeterThread: Thread finished: User Thread Group 1-579
2025-03-28 17:16:23,005 INFO o.a.j.t.JMeterThread: Thread started: User Thread Group 1-793
2025-03-28 17:16:23,017 INFO o.a.j.t.JMeterThread: Thread is done: User Thread Group 1-580
2025-03-28 17:16:23,017 INFO o.a.j.t.JMeterThread: Thread finished: User Thread Group 1-580
2025-03-28 17:16:23,042 INFO o.a.j.t.JMeterThread: Thread is done: User Thread Group 1-581
2025-03-28 17:16:23,042 INFO o.a.j.t.JMeterThread: Thread finished: User Thread Group 1-581
2025-03-28 17:16:23,051 INFO o.a.j.t.JMeterThread: Thread started: User Thread Group 1-794
2025-03-28 17:16:23,094 INFO o.a.j.t.JMeterThread: Thread is done: User Thread Group 1-582
2025-03-28 17:16:23,094 INFO o.a.j.t.JMeterThread: Thread finished: User Thread Group 1-582
2025-03-28 17:16:23,095 INFO o.a.j.t.JMeterThread: Thread started: User Thread Group 1-795
2025-03-28 17:16:23,141 INFO o.a.j.t.JMeterThread: Thread started: User Thread Group 1-796
2025-03-28 17:16:23,147 INFO o.a.j.t.JMeterThread: Thread is done: User Thread Group 1-583
2025-03-28 17:16:23,147 INFO o.a.j.t.JMeterThread: Thread finished: User Thread Group 1-583
2025-03-28 17:16:23,185 INFO o.a.j.t.JMeterThread: Thread started: User Thread Group 1-797
2025-03-28 17:16:23,204 INFO o.a.j.t.JMeterThread: Thread is done: User Thread Group 1-584
2025-03-28 17:16:23,204 INFO o.a.j.t.JMeterThread: Thread finished: User Thread Group 1-584
2025-03-28 17:16:23,231 INFO o.a.j.t.JMeterThread: Thread started: User Thread Group 1-798
2025-03-28 17:16:23,277 INFO o.a.j.t.JMeterThread: Thread started: User Thread Group 1-799
2025-03-28 17:16:23,309 INFO o.a.j.t.JMeterThread: Thread is done: User Thread Group 1-585
2025-03-28 17:16:23,309 INFO o.a.j.t.JMeterThread: Thread finished: User Thread Group 1-585
2025-03-28 17:16:23,312 INFO o.a.j.t.JMeterThread: Thread is done: User Thread Group 1-586
2025-03-28 17:16:23,312 INFO o.a.j.t.JMeterThread: Thread finished: User Thread Group 1-586
2025-03-28 17:16:23,320 INFO o.a.j.t.JMeterThread: Thread started: User Thread Group 1-800
2025-03-28 17:16:23,330 INFO o.a.j.t.JMeterThread: Thread is done: User Thread Group 1-587
2025-03-28 17:16:23,330 INFO o.a.j.t.JMeterThread: Thread finished: User Thread Group 1-587
2025-03-28 17:16:23,364 INFO o.a.j.t.JMeterThread: Thread is done: User Thread Group 1-588
2025-03-28 17:16:23,364 INFO o.a.j.t.JMeterThread: Thread finished: User Thread Group 1-588
2025-03-28 17:16:23,365 INFO o.a.j.t.JMeterThread: Thread started: User Thread Group 1-801
2025-03-28 17:16:23,388 INFO o.a.j.t.JMeterThread: Thread is done: User Thread Group 1-589
2025-03-28 17:16:23,389 INFO o.a.j.t.JMeterThread: Thread finished: User Thread Group 1-589
2025-03-28 17:16:23,411 INFO o.a.j.t.JMeterThread: Thread started: User Thread Group 1-802
2025-03-28 17:16:23,453 INFO o.a.j.t.JMeterThread: Thread is done: User Thread Group 1-590
2025-03-28 17:16:23,453 INFO o.a.j.t.JMeterThread: Thread finished: User Thread Group 1-590
2025-03-28 17:16:23,456 INFO o.a.j.t.JMeterThread: Thread started: User Thread Group 1-803
2025-03-28 17:16:23,491 INFO o.a.j.t.JMeterThread: Thread is done: User Thread Group 1-591
2025-03-28 17:16:23,492 INFO o.a.j.t.JMeterThread: Thread finished: User Thread Group 1-591
2025-03-28 17:16:23,501 INFO o.a.j.t.JMeterThread: Thread started: User Thread Group 1-804
2025-03-28 17:16:23,545 INFO o.a.j.t.JMeterThread: Thread started: User Thread Group 1-805
2025-03-28 17:16:23,546 INFO o.a.j.t.JMeterThread: Thread is done: User Thread Group 1-592
2025-03-28 17:16:23,546 INFO o.a.j.t.JMeterThread: Thread finished: User Thread Group 1-592
2025-03-28 17:16:23,590 INFO o.a.j.t.JMeterThread: Thread started: User Thread Group 1-806
2025-03-28 17:16:23,595 INFO o.a.j.t.JMeterThread: Thread is done: User Thread Group 1-593
2025-03-28 17:16:23,595 INFO o.a.j.t.JMeterThread: Thread finished: User Thread Group 1-593
2025-03-28 17:16:23,627 INFO o.a.j.t.JMeterThread: Thread is done: User Thread Group 1-594
2025-03-28 17:16:23,628 INFO o.a.j.t.JMeterThread: Thread finished: User Thread Group 1-594
2025-03-28 17:16:23,636 INFO o.a.j.t.JMeterThread: Thread started: User Thread Group 1-807
2025-03-28 17:16:23,680 INFO o.a.j.t.JMeterThread: Thread started: User Thread Group 1-808
2025-03-28 17:16:23,680 INFO o.a.j.t.JMeterThread: Thread is done: User Thread Group 1-595
2025-03-28 17:16:23,681 INFO o.a.j.t.JMeterThread: Thread finished: User Thread Group 1-595
2025-03-28 17:16:23,725 INFO o.a.j.t.JMeterThread: Thread started: User Thread Group 1-809
2025-03-28 17:16:23,735 INFO o.a.j.t.JMeterThread: Thread is done: User Thread Group 1-596
2025-03-28 17:16:23,735 INFO o.a.j.t.JMeterThread: Thread finished: User Thread Group 1-596
2025-03-28 17:16:23,771 INFO o.a.j.t.JMeterThread: Thread started: User Thread Group 1-810
2025-03-28 17:16:23,784 INFO o.a.j.t.JMeterThread: Thread is done: User Thread Group 1-597
2025-03-28 17:16:23,785 INFO o.a.j.t.JMeterThread: Thread finished: User Thread Group 1-597
2025-03-28 17:16:23,817 INFO o.a.j.t.JMeterThread: Thread started: User Thread Group 1-811
2025-03-28 17:16:23,822 INFO o.a.j.t.JMeterThread: Thread is done: User Thread Group 1-598
2025-03-28 17:16:23,822 INFO o.a.j.t.JMeterThread: Thread finished: User Thread Group 1-598
2025-03-28 17:16:23,861 INFO o.a.j.t.JMeterThread: Thread started: User Thread Group 1-812
2025-03-28 17:16:23,863 INFO o.a.j.t.JMeterThread: Thread is done: User Thread Group 1-599
2025-03-28 17:16:23,863 INFO o.a.j.t.JMeterThread: Thread finished: User Thread Group 1-599
2025-03-28 17:16:23,895 INFO o.a.j.t.JMeterThread: Thread is done: User Thread Group 1-600
2025-03-28 17:16:23,896 INFO o.a.j.t.JMeterThread: Thread finished: User Thread Group 1-600
2025-03-28 17:16:23,905 INFO o.a.j.t.JMeterThread: Thread started: User Thread Group 1-813
2025-03-28 17:16:23,950 INFO o.a.j.t.JMeterThread: Thread started: User Thread Group 1-814
2025-03-28 17:16:23,965 INFO o.a.j.t.JMeterThread: Thread is done: User Thread Group 1-601
2025-03-28 17:16:23,966 INFO o.a.j.t.JMeterThread: Thread finished: User Thread Group 1-601
2025-03-28 17:16:23,997 INFO o.a.j.t.JMeterThread: Thread started: User Thread Group 1-815
2025-03-28 17:16:24,012 INFO o.a.j.t.JMeterThread: Thread is done: User Thread Group 1-602
2025-03-28 17:16:24,012 INFO o.a.j.t.JMeterThread: Thread finished: User Thread Group 1-602
2025-03-28 17:16:24,040 INFO o.a.j.t.JMeterThread: Thread started: User Thread Group 1-816
2025-03-28 17:16:24,053 INFO o.a.j.t.JMeterThread: Thread is done: User Thread Group 1-603
2025-03-28 17:16:24,053 INFO o.a.j.t.JMeterThread: Thread finished: User Thread Group 1-603
2025-03-28 17:16:24,086 INFO o.a.j.t.JMeterThread: Thread started: User Thread Group 1-817
2025-03-28 17:16:24,132 INFO o.a.j.t.JMeterThread: Thread started: User Thread Group 1-818
2025-03-28 17:16:24,141 INFO o.a.j.t.JMeterThread: Thread is done: User Thread Group 1-604
2025-03-28 17:16:24,141 INFO o.a.j.t.JMeterThread: Thread finished: User Thread Group 1-604
2025-03-28 17:16:24,142 INFO o.a.j.t.JMeterThread: Thread is done: User Thread Group 1-605
2025-03-28 17:16:24,142 INFO o.a.j.t.JMeterThread: Thread finished: User Thread Group 1-605
2025-03-28 17:16:24,175 INFO o.a.j.t.JMeterThread: Thread is done: User Thread Group 1-606
2025-03-28 17:16:24,175 INFO o.a.j.t.JMeterThread: Thread finished: User Thread Group 1-606
2025-03-28 17:16:24,176 INFO o.a.j.t.JMeterThread: Thread started: User Thread Group 1-819
2025-03-28 17:16:24,220 INFO o.a.j.t.JMeterThread: Thread started: User Thread Group 1-820
2025-03-28 17:16:24,244 INFO o.a.j.t.JMeterThread: Thread is done: User Thread Group 1-607
2025-03-28 17:16:24,244 INFO o.a.j.t.JMeterThread: Thread finished: User Thread Group 1-607
2025-03-28 17:16:24,266 INFO o.a.j.t.JMeterThread: Thread started: User Thread Group 1-821
2025-03-28 17:16:24,299 INFO o.a.j.t.JMeterThread: Thread is done: User Thread Group 1-608
2025-03-28 17:16:24,300 INFO o.a.j.t.JMeterThread: Thread finished: User Thread Group 1-608
2025-03-28 17:16:24,310 INFO o.a.j.t.JMeterThread: Thread started: User Thread Group 1-822
2025-03-28 17:16:24,341 INFO o.a.j.t.JMeterThread: Thread is done: User Thread Group 1-609
2025-03-28 17:16:24,341 INFO o.a.j.t.JMeterThread: Thread finished: User Thread Group 1-609
2025-03-28 17:16:24,357 INFO o.a.j.t.JMeterThread: Thread started: User Thread Group 1-823
2025-03-28 17:16:24,367 INFO o.a.j.t.JMeterThread: Thread is done: User Thread Group 1-610
2025-03-28 17:16:24,367 INFO o.a.j.t.JMeterThread: Thread finished: User Thread Group 1-610
2025-03-28 17:16:24,390 INFO o.a.j.t.JMeterThread: Thread is done: User Thread Group 1-611
2025-03-28 17:16:24,390 INFO o.a.j.t.JMeterThread: Thread finished: User Thread Group 1-611
2025-03-28 17:16:24,400 INFO o.a.j.t.JMeterThread: Thread started: User Thread Group 1-824
2025-03-28 17:16:24,445 INFO o.a.j.t.JMeterThread: Thread started: User Thread Group 1-825
2025-03-28 17:16:24,450 INFO o.a.j.t.JMeterThread: Thread is done: User Thread Group 1-612
2025-03-28 17:16:24,450 INFO o.a.j.t.JMeterThread: Thread finished: User Thread Group 1-612
2025-03-28 17:16:24,476 INFO o.a.j.t.JMeterThread: Thread is done: User Thread Group 1-613
2025-03-28 17:16:24,476 INFO o.a.j.t.JMeterThread: Thread finished: User Thread Group 1-613
2025-03-28 17:16:24,491 INFO o.a.j.t.JMeterThread: Thread started: User Thread Group 1-826
2025-03-28 17:16:24,535 INFO o.a.j.t.JMeterThread: Thread started: User Thread Group 1-827
2025-03-28 17:16:24,548 INFO o.a.j.t.JMeterThread: Thread is done: User Thread Group 1-614
2025-03-28 17:16:24,548 INFO o.a.j.t.JMeterThread: Thread finished: User Thread Group 1-614
2025-03-28 17:16:24,583 INFO o.a.j.t.JMeterThread: Thread started: User Thread Group 1-828
2025-03-28 17:16:24,597 INFO o.a.j.t.JMeterThread: Thread is done: User Thread Group 1-615
2025-03-28 17:16:24,597 INFO o.a.j.t.JMeterThread: Thread finished: User Thread Group 1-615
2025-03-28 17:16:24,626 INFO o.a.j.t.JMeterThread: Thread started: User Thread Group 1-829
2025-03-28 17:16:24,629 INFO o.a.j.t.JMeterThread: Thread is done: User Thread Group 1-616
2025-03-28 17:16:24,629 INFO o.a.j.t.JMeterThread: Thread finished: User Thread Group 1-616
2025-03-28 17:16:24,664 INFO o.a.j.t.JMeterThread: Thread is done: User Thread Group 1-617
2025-03-28 17:16:24,664 INFO o.a.j.t.JMeterThread: Thread finished: User Thread Group 1-617
2025-03-28 17:16:24,671 INFO o.a.j.t.JMeterThread: Thread started: User Thread Group 1-830
2025-03-28 17:16:24,715 INFO o.a.j.t.JMeterThread: Thread started: User Thread Group 1-831
2025-03-28 17:16:24,722 INFO o.a.j.t.JMeterThread: Thread is done: User Thread Group 1-618
2025-03-28 17:16:24,722 INFO o.a.j.t.JMeterThread: Thread finished: User Thread Group 1-618
2025-03-28 17:16:24,761 INFO o.a.j.t.JMeterThread: Thread started: User Thread Group 1-832
2025-03-28 17:16:24,796 INFO o.a.j.t.JMeterThread: Thread is done: User Thread Group 1-619
2025-03-28 17:16:24,796 INFO o.a.j.t.JMeterThread: Thread finished: User Thread Group 1-619
2025-03-28 17:16:24,805 INFO o.a.j.t.JMeterThread: Thread started: User Thread Group 1-833
2025-03-28 17:16:24,825 INFO o.a.j.t.JMeterThread: Thread is done: User Thread Group 1-620
2025-03-28 17:16:24,825 INFO o.a.j.t.JMeterThread: Thread finished: User Thread Group 1-620
2025-03-28 17:16:24,851 INFO o.a.j.t.JMeterThread: Thread is done: User Thread Group 1-621
2025-03-28 17:16:24,851 INFO o.a.j.t.JMeterThread: Thread finished: User Thread Group 1-621
2025-03-28 17:16:24,850 INFO o.a.j.t.JMeterThread: Thread started: User Thread Group 1-834
2025-03-28 17:16:24,893 INFO o.a.j.t.JMeterThread: Thread is done: User Thread Group 1-622
2025-03-28 17:16:24,893 INFO o.a.j.t.JMeterThread: Thread finished: User Thread Group 1-622
2025-03-28 17:16:24,895 INFO o.a.j.t.JMeterThread: Thread started: User Thread Group 1-835
2025-03-28 17:16:24,941 INFO o.a.j.t.JMeterThread: Thread started: User Thread Group 1-836
2025-03-28 17:16:24,964 INFO o.a.j.t.JMeterThread: Thread is done: User Thread Group 1-623
2025-03-28 17:16:24,964 INFO o.a.j.t.JMeterThread: Thread finished: User Thread Group 1-623
2025-03-28 17:16:24,985 INFO o.a.j.t.JMeterThread: Thread started: User Thread Group 1-837
2025-03-28 17:16:24,988 INFO o.a.j.t.JMeterThread: Thread is done: User Thread Group 1-624
2025-03-28 17:16:24,988 INFO o.a.j.t.JMeterThread: Thread finished: User Thread Group 1-624
2025-03-28 17:16:25,031 INFO o.a.j.t.JMeterThread: Thread started: User Thread Group 1-838
2025-03-28 17:16:25,040 INFO o.a.j.t.JMeterThread: Thread is done: User Thread Group 1-625
2025-03-28 17:16:25,040 INFO o.a.j.t.JMeterThread: Thread finished: User Thread Group 1-625
2025-03-28 17:16:25,076 INFO o.a.j.t.JMeterThread: Thread started: User Thread Group 1-839
2025-03-28 17:16:25,105 INFO o.a.j.t.JMeterThread: Thread is done: User Thread Group 1-626
2025-03-28 17:16:25,105 INFO o.a.j.t.JMeterThread: Thread finished: User Thread Group 1-626
2025-03-28 17:16:25,120 INFO o.a.j.t.JMeterThread: Thread started: User Thread Group 1-840
2025-03-28 17:16:25,122 INFO o.a.j.t.JMeterThread: Thread is done: User Thread Group 1-627
2025-03-28 17:16:25,123 INFO o.a.j.t.JMeterThread: Thread finished: User Thread Group 1-627
2025-03-28 17:16:25,165 INFO o.a.j.t.JMeterThread: Thread started: User Thread Group 1-841
2025-03-28 17:16:25,199 INFO o.a.j.t.JMeterThread: Thread is done: User Thread Group 1-628
2025-03-28 17:16:25,199 INFO o.a.j.t.JMeterThread: Thread finished: User Thread Group 1-628
2025-03-28 17:16:25,210 INFO o.a.j.t.JMeterThread: Thread started: User Thread Group 1-842
2025-03-28 17:16:25,227 INFO o.a.j.t.JMeterThread: Thread is done: User Thread Group 1-629
2025-03-28 17:16:25,227 INFO o.a.j.t.JMeterThread: Thread finished: User Thread Group 1-629
2025-03-28 17:16:25,255 INFO o.a.j.t.JMeterThread: Thread started: User Thread Group 1-843
2025-03-28 17:16:25,300 INFO o.a.j.t.JMeterThread: Thread started: User Thread Group 1-844
2025-03-28 17:16:25,309 INFO o.a.j.t.JMeterThread: Thread is done: User Thread Group 1-630
2025-03-28 17:16:25,309 INFO o.a.j.t.JMeterThread: Thread finished: User Thread Group 1-630
2025-03-28 17:16:25,323 INFO o.a.j.t.JMeterThread: Thread is done: User Thread Group 1-631
2025-03-28 17:16:25,323 INFO o.a.j.t.JMeterThread: Thread finished: User Thread Group 1-631
2025-03-28 17:16:25,341 INFO o.a.j.t.JMeterThread: Thread is done: User Thread Group 1-632
2025-03-28 17:16:25,341 INFO o.a.j.t.JMeterThread: Thread finished: User Thread Group 1-632
2025-03-28 17:16:25,345 INFO o.a.j.t.JMeterThread: Thread started: User Thread Group 1-845
2025-03-28 17:16:25,391 INFO o.a.j.t.JMeterThread: Thread started: User Thread Group 1-846
2025-03-28 17:16:25,406 INFO o.a.j.t.JMeterThread: Thread is done: User Thread Group 1-633
2025-03-28 17:16:25,406 INFO o.a.j.t.JMeterThread: Thread finished: User Thread Group 1-633
2025-03-28 17:16:25,435 INFO o.a.j.t.JMeterThread: Thread started: User Thread Group 1-847
2025-03-28 17:16:25,454 INFO o.a.j.t.JMeterThread: Thread is done: User Thread Group 1-634
2025-03-28 17:16:25,454 INFO o.a.j.t.JMeterThread: Thread finished: User Thread Group 1-634
2025-03-28 17:16:25,480 INFO o.a.j.t.JMeterThread: Thread started: User Thread Group 1-848
2025-03-28 17:16:25,488 INFO o.a.j.t.JMeterThread: Thread is done: User Thread Group 1-635
2025-03-28 17:16:25,488 INFO o.a.j.t.JMeterThread: Thread finished: User Thread Group 1-635
2025-03-28 17:16:25,526 INFO o.a.j.t.JMeterThread: Thread started: User Thread Group 1-849
2025-03-28 17:16:25,530 INFO o.a.j.t.JMeterThread: Thread is done: User Thread Group 1-636
2025-03-28 17:16:25,530 INFO o.a.j.t.JMeterThread: Thread finished: User Thread Group 1-636
2025-03-28 17:16:25,561 INFO o.a.j.t.JMeterThread: Thread is done: User Thread Group 1-637
2025-03-28 17:16:25,561 INFO o.a.j.t.JMeterThread: Thread finished: User Thread Group 1-637
2025-03-28 17:16:25,571 INFO o.a.j.t.JMeterThread: Thread started: User Thread Group 1-850
2025-03-28 17:16:25,615 INFO o.a.j.t.JMeterThread: Thread started: User Thread Group 1-851
2025-03-28 17:16:25,623 INFO o.a.j.t.JMeterThread: Thread is done: User Thread Group 1-638
2025-03-28 17:16:25,623 INFO o.a.j.t.JMeterThread: Thread finished: User Thread Group 1-638
2025-03-28 17:16:25,655 INFO o.a.j.t.JMeterThread: Thread is done: User Thread Group 1-639
2025-03-28 17:16:25,655 INFO o.a.j.t.JMeterThread: Thread finished: User Thread Group 1-639
2025-03-28 17:16:25,662 INFO o.a.j.t.JMeterThread: Thread started: User Thread Group 1-852
2025-03-28 17:16:25,706 INFO o.a.j.t.JMeterThread: Thread started: User Thread Group 1-853
2025-03-28 17:16:25,732 INFO o.a.j.t.JMeterThread: Thread is done: User Thread Group 1-640
2025-03-28 17:16:25,732 INFO o.a.j.t.JMeterThread: Thread finished: User Thread Group 1-640
2025-03-28 17:16:25,751 INFO o.a.j.t.JMeterThread: Thread started: User Thread Group 1-854
2025-03-28 17:16:25,773 INFO o.a.j.t.JMeterThread: Thread is done: User Thread Group 1-641
2025-03-28 17:16:25,773 INFO o.a.j.t.JMeterThread: Thread finished: User Thread Group 1-641
2025-03-28 17:16:25,792 INFO o.a.j.t.JMeterThread: Thread is done: User Thread Group 1-642
2025-03-28 17:16:25,792 INFO o.a.j.t.JMeterThread: Thread finished: User Thread Group 1-642
2025-03-28 17:16:25,795 INFO o.a.j.t.JMeterThread: Thread started: User Thread Group 1-855
2025-03-28 17:16:25,841 INFO o.a.j.t.JMeterThread: Thread started: User Thread Group 1-856
2025-03-28 17:16:25,879 INFO o.a.j.t.JMeterThread: Thread is done: User Thread Group 1-643
2025-03-28 17:16:25,879 INFO o.a.j.t.JMeterThread: Thread finished: User Thread Group 1-643
2025-03-28 17:16:25,885 INFO o.a.j.t.JMeterThread: Thread started: User Thread Group 1-857
2025-03-28 17:16:25,891 INFO o.a.j.t.JMeterThread: Thread is done: User Thread Group 1-644
2025-03-28 17:16:25,891 INFO o.a.j.t.JMeterThread: Thread finished: User Thread Group 1-644
2025-03-28 17:16:25,930 INFO o.a.j.t.JMeterThread: Thread started: User Thread Group 1-858
2025-03-28 17:16:25,957 INFO o.a.j.t.JMeterThread: Thread is done: User Thread Group 1-645
2025-03-28 17:16:25,957 INFO o.a.j.t.JMeterThread: Thread finished: User Thread Group 1-645
2025-03-28 17:16:25,960 INFO o.a.j.t.JMeterThread: Thread is done: User Thread Group 1-646
2025-03-28 17:16:25,960 INFO o.a.j.t.JMeterThread: Thread finished: User Thread Group 1-646
2025-03-28 17:16:25,975 INFO o.a.j.t.JMeterThread: Thread started: User Thread Group 1-859
2025-03-28 17:16:26,021 INFO o.a.j.t.JMeterThread: Thread started: User Thread Group 1-860
2025-03-28 17:16:26,023 INFO o.a.j.t.JMeterThread: Thread is done: User Thread Group 1-647
2025-03-28 17:16:26,023 INFO o.a.j.t.JMeterThread: Thread finished: User Thread Group 1-647
2025-03-28 17:16:26,061 INFO o.a.j.t.JMeterThread: Thread is done: User Thread Group 1-648
2025-03-28 17:16:26,062 INFO o.a.j.t.JMeterThread: Thread finished: User Thread Group 1-648
2025-03-28 17:16:26,066 INFO o.a.j.t.JMeterThread: Thread started: User Thread Group 1-861
2025-03-28 17:16:26,110 INFO o.a.j.t.JMeterThread: Thread started: User Thread Group 1-862
2025-03-28 17:16:26,112 INFO o.a.j.t.JMeterThread: Thread is done: User Thread Group 1-649
2025-03-28 17:16:26,112 INFO o.a.j.t.JMeterThread: Thread finished: User Thread Group 1-649
2025-03-28 17:16:26,156 INFO o.a.j.t.JMeterThread: Thread started: User Thread Group 1-863
2025-03-28 17:16:26,158 INFO o.a.j.t.JMeterThread: Thread is done: User Thread Group 1-650
2025-03-28 17:16:26,158 INFO o.a.j.t.JMeterThread: Thread finished: User Thread Group 1-650
2025-03-28 17:16:26,200 INFO o.a.j.t.JMeterThread: Thread started: User Thread Group 1-864
2025-03-28 17:16:26,216 INFO o.a.j.t.JMeterThread: Thread is done: User Thread Group 1-651
2025-03-28 17:16:26,216 INFO o.a.j.t.JMeterThread: Thread finished: User Thread Group 1-651
2025-03-28 17:16:26,245 INFO o.a.j.t.JMeterThread: Thread started: User Thread Group 1-865
2025-03-28 17:16:26,262 INFO o.a.j.t.JMeterThread: Thread is done: User Thread Group 1-652
2025-03-28 17:16:26,262 INFO o.a.j.t.JMeterThread: Thread finished: User Thread Group 1-652
2025-03-28 17:16:26,289 INFO o.a.j.t.JMeterThread: Thread is done: User Thread Group 1-653
2025-03-28 17:16:26,289 INFO o.a.j.t.JMeterThread: Thread finished: User Thread Group 1-653
2025-03-28 17:16:26,290 INFO o.a.j.t.JMeterThread: Thread started: User Thread Group 1-866
2025-03-28 17:16:26,335 INFO o.a.j.t.JMeterThread: Thread started: User Thread Group 1-867
2025-03-28 17:16:26,360 INFO o.a.j.t.JMeterThread: Thread is done: User Thread Group 1-654
2025-03-28 17:16:26,361 INFO o.a.j.t.JMeterThread: Thread finished: User Thread Group 1-654
2025-03-28 17:16:26,380 INFO o.a.j.t.JMeterThread: Thread started: User Thread Group 1-868
2025-03-28 17:16:26,392 INFO o.a.j.t.JMeterThread: Thread is done: User Thread Group 1-655
2025-03-28 17:16:26,392 INFO o.a.j.t.JMeterThread: Thread finished: User Thread Group 1-655
2025-03-28 17:16:26,422 INFO o.a.j.t.JMeterThread: Thread is done: User Thread Group 1-656
2025-03-28 17:16:26,424 INFO o.a.j.t.JMeterThread: Thread finished: User Thread Group 1-656
2025-03-28 17:16:26,425 INFO o.a.j.t.JMeterThread: Thread started: User Thread Group 1-869
2025-03-28 17:16:26,471 INFO o.a.j.t.JMeterThread: Thread started: User Thread Group 1-870
2025-03-28 17:16:26,502 INFO o.a.j.t.JMeterThread: Thread is done: User Thread Group 1-657
2025-03-28 17:16:26,503 INFO o.a.j.t.JMeterThread: Thread finished: User Thread Group 1-657
2025-03-28 17:16:26,516 INFO o.a.j.t.JMeterThread: Thread started: User Thread Group 1-871
2025-03-28 17:16:26,550 INFO o.a.j.t.JMeterThread: Thread is done: User Thread Group 1-658
2025-03-28 17:16:26,550 INFO o.a.j.t.JMeterThread: Thread finished: User Thread Group 1-658
2025-03-28 17:16:26,561 INFO o.a.j.t.JMeterThread: Thread started: User Thread Group 1-872
2025-03-28 17:16:26,590 INFO o.a.j.t.JMeterThread: Thread is done: User Thread Group 1-659
2025-03-28 17:16:26,590 INFO o.a.j.t.JMeterThread: Thread finished: User Thread Group 1-659
2025-03-28 17:16:26,607 INFO o.a.j.t.JMeterThread: Thread started: User Thread Group 1-873
2025-03-28 17:16:26,622 INFO o.a.j.t.JMeterThread: Thread is done: User Thread Group 1-660
2025-03-28 17:16:26,622 INFO o.a.j.t.JMeterThread: Thread finished: User Thread Group 1-660
2025-03-28 17:16:26,652 INFO o.a.j.t.JMeterThread: Thread started: User Thread Group 1-874
2025-03-28 17:16:26,655 INFO o.a.j.t.JMeterThread: Thread is done: User Thread Group 1-661
2025-03-28 17:16:26,655 INFO o.a.j.t.JMeterThread: Thread finished: User Thread Group 1-661
2025-03-28 17:16:26,696 INFO o.a.j.t.JMeterThread: Thread started: User Thread Group 1-875
2025-03-28 17:16:26,733 INFO o.a.j.t.JMeterThread: Thread is done: User Thread Group 1-662
2025-03-28 17:16:26,733 INFO o.a.j.t.JMeterThread: Thread finished: User Thread Group 1-662
2025-03-28 17:16:26,741 INFO o.a.j.t.JMeterThread: Thread started: User Thread Group 1-876
2025-03-28 17:16:26,760 INFO o.a.j.t.JMeterThread: Thread is done: User Thread Group 1-663
2025-03-28 17:16:26,760 INFO o.a.j.t.JMeterThread: Thread finished: User Thread Group 1-663
2025-03-28 17:16:26,786 INFO o.a.j.t.JMeterThread: Thread is done: User Thread Group 1-664
2025-03-28 17:16:26,786 INFO o.a.j.t.JMeterThread: Thread started: User Thread Group 1-877
2025-03-28 17:16:26,786 INFO o.a.j.t.JMeterThread: Thread finished: User Thread Group 1-664
2025-03-28 17:16:26,830 INFO o.a.j.t.JMeterThread: Thread started: User Thread Group 1-878
2025-03-28 17:16:26,831 INFO o.a.j.t.JMeterThread: Thread is done: User Thread Group 1-665
2025-03-28 17:16:26,831 INFO o.a.j.t.JMeterThread: Thread finished: User Thread Group 1-665
2025-03-28 17:16:26,875 INFO o.a.j.t.JMeterThread: Thread started: User Thread Group 1-879
2025-03-28 17:16:26,883 INFO o.a.j.t.JMeterThread: Thread is done: User Thread Group 1-666
2025-03-28 17:16:26,884 INFO o.a.j.t.JMeterThread: Thread finished: User Thread Group 1-666
2025-03-28 17:16:26,920 INFO o.a.j.t.JMeterThread: Thread started: User Thread Group 1-880
2025-03-28 17:16:26,928 INFO o.a.j.t.JMeterThread: Thread is done: User Thread Group 1-667
2025-03-28 17:16:26,929 INFO o.a.j.t.JMeterThread: Thread finished: User Thread Group 1-667
2025-03-28 17:16:26,959 INFO o.a.j.t.JMeterThread: Thread is done: User Thread Group 1-668
2025-03-28 17:16:26,959 INFO o.a.j.t.JMeterThread: Thread finished: User Thread Group 1-668
2025-03-28 17:16:26,965 INFO o.a.j.t.JMeterThread: Thread started: User Thread Group 1-881
2025-03-28 17:16:27,010 INFO o.a.j.t.JMeterThread: Thread started: User Thread Group 1-882
2025-03-28 17:16:27,015 INFO o.a.j.t.JMeterThread: Thread is done: User Thread Group 1-669
2025-03-28 17:16:27,016 INFO o.a.j.t.JMeterThread: Thread finished: User Thread Group 1-669
2025-03-28 17:16:27,053 INFO o.a.j.t.JMeterThread: Thread is done: User Thread Group 1-670
2025-03-28 17:16:27,053 INFO o.a.j.t.JMeterThread: Thread finished: User Thread Group 1-670
2025-03-28 17:16:27,055 INFO o.a.j.t.JMeterThread: Thread started: User Thread Group 1-883
2025-03-28 17:16:27,097 INFO o.a.j.t.JMeterThread: Thread is done: User Thread Group 1-671
2025-03-28 17:16:27,097 INFO o.a.j.t.JMeterThread: Thread finished: User Thread Group 1-671
2025-03-28 17:16:27,100 INFO o.a.j.t.JMeterThread: Thread started: User Thread Group 1-884
2025-03-28 17:16:27,145 INFO o.a.j.t.JMeterThread: Thread started: User Thread Group 1-885
2025-03-28 17:16:27,169 INFO o.a.j.t.JMeterThread: Thread is done: User Thread Group 1-672
2025-03-28 17:16:27,169 INFO o.a.j.t.JMeterThread: Thread finished: User Thread Group 1-672
2025-03-28 17:16:27,184 INFO o.a.j.t.JMeterThread: Thread is done: User Thread Group 1-673
2025-03-28 17:16:27,184 INFO o.a.j.t.JMeterThread: Thread finished: User Thread Group 1-673
2025-03-28 17:16:27,190 INFO o.a.j.t.JMeterThread: Thread started: User Thread Group 1-886
2025-03-28 17:16:27,235 INFO o.a.j.t.JMeterThread: Thread started: User Thread Group 1-887
2025-03-28 17:16:27,258 INFO o.a.j.t.JMeterThread: Thread is done: User Thread Group 1-674
2025-03-28 17:16:27,258 INFO o.a.j.t.JMeterThread: Thread finished: User Thread Group 1-674
2025-03-28 17:16:27,280 INFO o.a.j.t.JMeterThread: Thread started: User Thread Group 1-888
2025-03-28 17:16:27,304 INFO o.a.j.t.JMeterThread: Thread is done: User Thread Group 1-675
2025-03-28 17:16:27,304 INFO o.a.j.t.JMeterThread: Thread finished: User Thread Group 1-675
2025-03-28 17:16:27,325 INFO o.a.j.t.JMeterThread: Thread started: User Thread Group 1-889
2025-03-28 17:16:27,352 INFO o.a.j.t.JMeterThread: Thread is done: User Thread Group 1-676
2025-03-28 17:16:27,352 INFO o.a.j.t.JMeterThread: Thread finished: User Thread Group 1-676
2025-03-28 17:16:27,370 INFO o.a.j.t.JMeterThread: Thread started: User Thread Group 1-890
2025-03-28 17:16:27,373 INFO o.a.j.t.JMeterThread: Thread is done: User Thread Group 1-677
2025-03-28 17:16:27,373 INFO o.a.j.t.JMeterThread: Thread finished: User Thread Group 1-677
2025-03-28 17:16:27,415 INFO o.a.j.t.JMeterThread: Thread started: User Thread Group 1-891
2025-03-28 17:16:27,434 INFO o.a.j.t.JMeterThread: Thread is done: User Thread Group 1-678
2025-03-28 17:16:27,434 INFO o.a.j.t.JMeterThread: Thread finished: User Thread Group 1-678
2025-03-28 17:16:27,460 INFO o.a.j.t.JMeterThread: Thread started: User Thread Group 1-892
2025-03-28 17:16:27,467 INFO o.a.j.t.JMeterThread: Thread is done: User Thread Group 1-679
2025-03-28 17:16:27,467 INFO o.a.j.t.JMeterThread: Thread finished: User Thread Group 1-679
2025-03-28 17:16:27,505 INFO o.a.j.t.JMeterThread: Thread started: User Thread Group 1-893
2025-03-28 17:16:27,522 INFO o.a.j.t.JMeterThread: Thread is done: User Thread Group 1-680
2025-03-28 17:16:27,522 INFO o.a.j.t.JMeterThread: Thread finished: User Thread Group 1-680
2025-03-28 17:16:27,550 INFO o.a.j.t.JMeterThread: Thread started: User Thread Group 1-894
2025-03-28 17:16:27,577 INFO o.a.j.t.JMeterThread: Thread is done: User Thread Group 1-681
2025-03-28 17:16:27,578 INFO o.a.j.t.JMeterThread: Thread finished: User Thread Group 1-681
2025-03-28 17:16:27,596 INFO o.a.j.t.JMeterThread: Thread started: User Thread Group 1-895
2025-03-28 17:16:27,611 INFO o.a.j.t.JMeterThread: Thread is done: User Thread Group 1-682
2025-03-28 17:16:27,611 INFO o.a.j.t.JMeterThread: Thread finished: User Thread Group 1-682
2025-03-28 17:16:27,641 INFO o.a.j.t.JMeterThread: Thread started: User Thread Group 1-896
2025-03-28 17:16:27,651 INFO o.a.j.t.JMeterThread: Thread is done: User Thread Group 1-683
2025-03-28 17:16:27,651 INFO o.a.j.t.JMeterThread: Thread finished: User Thread Group 1-683
2025-03-28 17:16:27,676 INFO o.a.j.t.JMeterThread: Thread is done: User Thread Group 1-684
2025-03-28 17:16:27,677 INFO o.a.j.t.JMeterThread: Thread finished: User Thread Group 1-684
2025-03-28 17:16:27,685 INFO o.a.j.t.JMeterThread: Thread started: User Thread Group 1-897
2025-03-28 17:16:27,730 INFO o.a.j.t.JMeterThread: Thread started: User Thread Group 1-898
2025-03-28 17:16:27,731 INFO o.a.j.t.JMeterThread: Thread is done: User Thread Group 1-685
2025-03-28 17:16:27,731 INFO o.a.j.t.JMeterThread: Thread finished: User Thread Group 1-685
2025-03-28 17:16:27,763 INFO o.a.j.t.JMeterThread: Thread is done: User Thread Group 1-686
2025-03-28 17:16:27,763 INFO o.a.j.t.JMeterThread: Thread finished: User Thread Group 1-686
2025-03-28 17:16:27,775 INFO o.a.j.t.JMeterThread: Thread started: User Thread Group 1-899
2025-03-28 17:16:27,821 INFO o.a.j.t.JMeterThread: Thread is done: User Thread Group 1-687
2025-03-28 17:16:27,821 INFO o.a.j.t.JMeterThread: Thread finished: User Thread Group 1-687
2025-03-28 17:16:27,820 INFO o.a.j.t.JMeterThread: Thread started: User Thread Group 1-900
2025-03-28 17:16:27,865 INFO o.a.j.t.JMeterThread: Thread started: User Thread Group 1-901
2025-03-28 17:16:27,868 INFO o.a.j.t.JMeterThread: Thread is done: User Thread Group 1-688
2025-03-28 17:16:27,868 INFO o.a.j.t.JMeterThread: Thread finished: User Thread Group 1-688
2025-03-28 17:16:27,909 INFO o.a.j.t.JMeterThread: Thread is done: User Thread Group 1-689
2025-03-28 17:16:27,909 INFO o.a.j.t.JMeterThread: Thread finished: User Thread Group 1-689
2025-03-28 17:16:27,911 INFO o.a.j.t.JMeterThread: Thread started: User Thread Group 1-902
2025-03-28 17:16:27,955 INFO o.a.j.t.JMeterThread: Thread started: User Thread Group 1-903
2025-03-28 17:16:27,961 INFO o.a.j.t.JMeterThread: Thread is done: User Thread Group 1-690
2025-03-28 17:16:27,961 INFO o.a.j.t.JMeterThread: Thread finished: User Thread Group 1-690
2025-03-28 17:16:27,996 INFO o.a.j.t.JMeterThread: Thread is done: User Thread Group 1-691
2025-03-28 17:16:27,996 INFO o.a.j.t.JMeterThread: Thread finished: User Thread Group 1-691
2025-03-28 17:16:28,000 INFO o.a.j.t.JMeterThread: Thread started: User Thread Group 1-904
2025-03-28 17:16:28,039 INFO o.a.j.t.JMeterThread: Thread is done: User Thread Group 1-692
2025-03-28 17:16:28,039 INFO o.a.j.t.JMeterThread: Thread finished: User Thread Group 1-692
2025-03-28 17:16:28,045 INFO o.a.j.t.JMeterThread: Thread started: User Thread Group 1-905
2025-03-28 17:16:28,090 INFO o.a.j.t.JMeterThread: Thread started: User Thread Group 1-906
2025-03-28 17:16:28,092 INFO o.a.j.t.JMeterThread: Thread is done: User Thread Group 1-693
2025-03-28 17:16:28,092 INFO o.a.j.t.JMeterThread: Thread finished: User Thread Group 1-693
2025-03-28 17:16:28,135 INFO o.a.j.t.JMeterThread: Thread started: User Thread Group 1-907
2025-03-28 17:16:28,142 INFO o.a.j.t.JMeterThread: Thread is done: User Thread Group 1-694
2025-03-28 17:16:28,142 INFO o.a.j.t.JMeterThread: Thread finished: User Thread Group 1-694
2025-03-28 17:16:28,164 INFO o.a.j.t.JMeterThread: Thread is done: User Thread Group 1-695
2025-03-28 17:16:28,164 INFO o.a.j.t.JMeterThread: Thread finished: User Thread Group 1-695
2025-03-28 17:16:28,180 INFO o.a.j.t.JMeterThread: Thread started: User Thread Group 1-908
2025-03-28 17:16:28,226 INFO o.a.j.t.JMeterThread: Thread started: User Thread Group 1-909
2025-03-28 17:16:28,262 INFO o.a.j.t.JMeterThread: Thread is done: User Thread Group 1-696
2025-03-28 17:16:28,262 INFO o.a.j.t.JMeterThread: Thread finished: User Thread Group 1-696
2025-03-28 17:16:28,272 INFO o.a.j.t.JMeterThread: Thread started: User Thread Group 1-910
2025-03-28 17:16:28,278 INFO o.a.j.t.JMeterThread: Thread is done: User Thread Group 1-697
2025-03-28 17:16:28,278 INFO o.a.j.t.JMeterThread: Thread finished: User Thread Group 1-697
2025-03-28 17:16:28,315 INFO o.a.j.t.JMeterThread: Thread started: User Thread Group 1-911
2025-03-28 17:16:28,322 INFO o.a.j.t.JMeterThread: Thread is done: User Thread Group 1-698
2025-03-28 17:16:28,322 INFO o.a.j.t.JMeterThread: Thread finished: User Thread Group 1-698
2025-03-28 17:16:28,356 INFO o.a.j.t.JMeterThread: Thread is done: User Thread Group 1-699
2025-03-28 17:16:28,356 INFO o.a.j.t.JMeterThread: Thread finished: User Thread Group 1-699
2025-03-28 17:16:28,360 INFO o.a.j.t.JMeterThread: Thread started: User Thread Group 1-912
2025-03-28 17:16:28,405 INFO o.a.j.t.JMeterThread: Thread started: User Thread Group 1-913
2025-03-28 17:16:28,421 INFO o.a.j.t.JMeterThread: Thread is done: User Thread Group 1-700
2025-03-28 17:16:28,421 INFO o.a.j.t.JMeterThread: Thread finished: User Thread Group 1-700
2025-03-28 17:16:28,437 INFO o.a.j.t.JMeterThread: Thread is done: User Thread Group 1-701
2025-03-28 17:16:28,437 INFO o.a.j.t.JMeterThread: Thread finished: User Thread Group 1-701
2025-03-28 17:16:28,450 INFO o.a.j.t.JMeterThread: Thread started: User Thread Group 1-914
2025-03-28 17:16:28,487 INFO o.a.j.t.JMeterThread: Thread is done: User Thread Group 1-702
2025-03-28 17:16:28,487 INFO o.a.j.t.JMeterThread: Thread finished: User Thread Group 1-702
2025-03-28 17:16:28,496 INFO o.a.j.t.JMeterThread: Thread started: User Thread Group 1-915
2025-03-28 17:16:28,525 INFO o.a.j.t.JMeterThread: Thread is done: User Thread Group 1-703
2025-03-28 17:16:28,525 INFO o.a.j.t.JMeterThread: Thread finished: User Thread Group 1-703
2025-03-28 17:16:28,540 INFO o.a.j.t.JMeterThread: Thread started: User Thread Group 1-916
2025-03-28 17:16:28,577 INFO o.a.j.t.JMeterThread: Thread is done: User Thread Group 1-704
2025-03-28 17:16:28,577 INFO o.a.j.t.JMeterThread: Thread finished: User Thread Group 1-704
2025-03-28 17:16:28,585 INFO o.a.j.t.JMeterThread: Thread started: User Thread Group 1-917
2025-03-28 17:16:28,629 INFO o.a.j.t.JMeterThread: Thread is done: User Thread Group 1-705
2025-03-28 17:16:28,629 INFO o.a.j.t.JMeterThread: Thread finished: User Thread Group 1-705
2025-03-28 17:16:28,630 INFO o.a.j.t.JMeterThread: Thread started: User Thread Group 1-918
2025-03-28 17:16:28,664 INFO o.a.j.t.JMeterThread: Thread is done: User Thread Group 1-706
2025-03-28 17:16:28,664 INFO o.a.j.t.JMeterThread: Thread finished: User Thread Group 1-706
2025-03-28 17:16:28,676 INFO o.a.j.t.JMeterThread: Thread started: User Thread Group 1-919
2025-03-28 17:16:28,712 INFO o.a.j.t.JMeterThread: Thread is done: User Thread Group 1-707
2025-03-28 17:16:28,712 INFO o.a.j.t.JMeterThread: Thread finished: User Thread Group 1-707
2025-03-28 17:16:28,720 INFO o.a.j.t.JMeterThread: Thread started: User Thread Group 1-920
2025-03-28 17:16:28,763 INFO o.a.j.t.JMeterThread: Thread is done: User Thread Group 1-708
2025-03-28 17:16:28,763 INFO o.a.j.t.JMeterThread: Thread finished: User Thread Group 1-708
2025-03-28 17:16:28,765 INFO o.a.j.t.JMeterThread: Thread started: User Thread Group 1-921
2025-03-28 17:16:28,810 INFO o.a.j.t.JMeterThread: Thread started: User Thread Group 1-922
2025-03-28 17:16:28,811 INFO o.a.j.t.JMeterThread: Thread is done: User Thread Group 1-709
2025-03-28 17:16:28,811 INFO o.a.j.t.JMeterThread: Thread finished: User Thread Group 1-709
2025-03-28 17:16:28,856 INFO o.a.j.t.JMeterThread: Thread started: User Thread Group 1-923
2025-03-28 17:16:28,871 INFO o.a.j.t.JMeterThread: Thread is done: User Thread Group 1-710
2025-03-28 17:16:28,871 INFO o.a.j.t.JMeterThread: Thread finished: User Thread Group 1-710
2025-03-28 17:16:28,894 INFO o.a.j.t.JMeterThread: Thread is done: User Thread Group 1-711
2025-03-28 17:16:28,894 INFO o.a.j.t.JMeterThread: Thread finished: User Thread Group 1-711
2025-03-28 17:16:28,901 INFO o.a.j.t.JMeterThread: Thread started: User Thread Group 1-924
2025-03-28 17:16:28,945 INFO o.a.j.t.JMeterThread: Thread started: User Thread Group 1-925
2025-03-28 17:16:28,974 INFO o.a.j.t.JMeterThread: Thread is done: User Thread Group 1-712
2025-03-28 17:16:28,974 INFO o.a.j.t.JMeterThread: Thread finished: User Thread Group 1-712
2025-03-28 17:16:28,990 INFO o.a.j.t.JMeterThread: Thread started: User Thread Group 1-926
2025-03-28 17:16:28,992 INFO o.a.j.t.JMeterThread: Thread is done: User Thread Group 1-713
2025-03-28 17:16:28,992 INFO o.a.j.t.JMeterThread: Thread finished: User Thread Group 1-713
2025-03-28 17:16:29,035 INFO o.a.j.t.JMeterThread: Thread started: User Thread Group 1-927
2025-03-28 17:16:29,054 INFO o.a.j.t.JMeterThread: Thread is done: User Thread Group 1-714
2025-03-28 17:16:29,054 INFO o.a.j.t.JMeterThread: Thread finished: User Thread Group 1-714
2025-03-28 17:16:29,080 INFO o.a.j.t.JMeterThread: Thread is done: User Thread Group 1-715
2025-03-28 17:16:29,080 INFO o.a.j.t.JMeterThread: Thread finished: User Thread Group 1-715
2025-03-28 17:16:29,081 INFO o.a.j.t.JMeterThread: Thread started: User Thread Group 1-928
2025-03-28 17:16:29,125 INFO o.a.j.t.JMeterThread: Thread started: User Thread Group 1-929
2025-03-28 17:16:29,126 INFO o.a.j.t.JMeterThread: Thread is done: User Thread Group 1-716
2025-03-28 17:16:29,126 INFO o.a.j.t.JMeterThread: Thread finished: User Thread Group 1-716
2025-03-28 17:16:29,168 INFO o.a.j.t.JMeterThread: Thread is done: User Thread Group 1-717
2025-03-28 17:16:29,168 INFO o.a.j.t.JMeterThread: Thread finished: User Thread Group 1-717
2025-03-28 17:16:29,170 INFO o.a.j.t.JMeterThread: Thread started: User Thread Group 1-930
2025-03-28 17:16:29,198 INFO o.a.j.t.JMeterThread: Thread is done: User Thread Group 1-718
2025-03-28 17:16:29,198 INFO o.a.j.t.JMeterThread: Thread finished: User Thread Group 1-718
2025-03-28 17:16:29,215 INFO o.a.j.t.JMeterThread: Thread started: User Thread Group 1-931
2025-03-28 17:16:29,252 INFO o.a.j.t.JMeterThread: Thread is done: User Thread Group 1-719
2025-03-28 17:16:29,253 INFO o.a.j.t.JMeterThread: Thread finished: User Thread Group 1-719
2025-03-28 17:16:29,260 INFO o.a.j.t.JMeterThread: Thread started: User Thread Group 1-932
2025-03-28 17:16:29,288 INFO o.a.j.t.JMeterThread: Thread is done: User Thread Group 1-720
2025-03-28 17:16:29,288 INFO o.a.j.t.JMeterThread: Thread finished: User Thread Group 1-720
2025-03-28 17:16:29,305 INFO o.a.j.t.JMeterThread: Thread started: User Thread Group 1-933
2025-03-28 17:16:29,351 INFO o.a.j.t.JMeterThread: Thread started: User Thread Group 1-934
2025-03-28 17:16:29,384 INFO o.a.j.t.JMeterThread: Thread is done: User Thread Group 1-721
2025-03-28 17:16:29,384 INFO o.a.j.t.JMeterThread: Thread finished: User Thread Group 1-721
2025-03-28 17:16:29,390 INFO o.a.j.t.JMeterThread: Thread is done: User Thread Group 1-722
2025-03-28 17:16:29,390 INFO o.a.j.t.JMeterThread: Thread finished: User Thread Group 1-722
2025-03-28 17:16:29,397 INFO o.a.j.t.JMeterThread: Thread started: User Thread Group 1-935
2025-03-28 17:16:29,440 INFO o.a.j.t.JMeterThread: Thread started: User Thread Group 1-936
2025-03-28 17:16:29,459 INFO o.a.j.t.JMeterThread: Thread is done: User Thread Group 1-723
2025-03-28 17:16:29,459 INFO o.a.j.t.JMeterThread: Thread finished: User Thread Group 1-723
2025-03-28 17:16:29,480 INFO o.a.j.t.JMeterThread: Thread is done: User Thread Group 1-724
2025-03-28 17:16:29,480 INFO o.a.j.t.JMeterThread: Thread finished: User Thread Group 1-724
2025-03-28 17:16:29,486 INFO o.a.j.t.JMeterThread: Thread started: User Thread Group 1-937
2025-03-28 17:16:29,530 INFO o.a.j.t.JMeterThread: Thread started: User Thread Group 1-938
2025-03-28 17:16:29,538 INFO o.a.j.t.JMeterThread: Thread is done: User Thread Group 1-725
2025-03-28 17:16:29,538 INFO o.a.j.t.JMeterThread: Thread finished: User Thread Group 1-725
2025-03-28 17:16:29,575 INFO o.a.j.t.JMeterThread: Thread started: User Thread Group 1-939
2025-03-28 17:16:29,577 INFO o.a.j.t.JMeterThread: Thread is done: User Thread Group 1-726
2025-03-28 17:16:29,577 INFO o.a.j.t.JMeterThread: Thread finished: User Thread Group 1-726
2025-03-28 17:16:29,612 INFO o.a.j.t.JMeterThread: Thread is done: User Thread Group 1-727
2025-03-28 17:16:29,612 INFO o.a.j.t.JMeterThread: Thread finished: User Thread Group 1-727
2025-03-28 17:16:29,620 INFO o.a.j.t.JMeterThread: Thread started: User Thread Group 1-940
2025-03-28 17:16:29,665 INFO o.a.j.t.JMeterThread: Thread started: User Thread Group 1-941
2025-03-28 17:16:29,666 INFO o.a.j.t.JMeterThread: Thread is done: User Thread Group 1-728
2025-03-28 17:16:29,666 INFO o.a.j.t.JMeterThread: Thread finished: User Thread Group 1-728
2025-03-28 17:16:29,699 INFO o.a.j.t.JMeterThread: Thread is done: User Thread Group 1-729
2025-03-28 17:16:29,700 INFO o.a.j.t.JMeterThread: Thread finished: User Thread Group 1-729
2025-03-28 17:16:29,710 INFO o.a.j.t.JMeterThread: Thread started: User Thread Group 1-942
2025-03-28 17:16:29,746 INFO o.a.j.t.JMeterThread: Thread is done: User Thread Group 1-730
2025-03-28 17:16:29,746 INFO o.a.j.t.JMeterThread: Thread finished: User Thread Group 1-730
2025-03-28 17:16:29,755 INFO o.a.j.t.JMeterThread: Thread started: User Thread Group 1-943
2025-03-28 17:16:29,802 INFO o.a.j.t.JMeterThread: Thread started: User Thread Group 1-944
2025-03-28 17:16:29,814 INFO o.a.j.t.JMeterThread: Thread is done: User Thread Group 1-731
2025-03-28 17:16:29,814 INFO o.a.j.t.JMeterThread: Thread finished: User Thread Group 1-731
2025-03-28 17:16:29,846 INFO o.a.j.t.JMeterThread: Thread started: User Thread Group 1-945
2025-03-28 17:16:29,858 INFO o.a.j.t.JMeterThread: Thread is done: User Thread Group 1-732
2025-03-28 17:16:29,858 INFO o.a.j.t.JMeterThread: Thread finished: User Thread Group 1-732
2025-03-28 17:16:29,890 INFO o.a.j.t.JMeterThread: Thread started: User Thread Group 1-946
2025-03-28 17:16:29,895 INFO o.a.j.t.JMeterThread: Thread is done: User Thread Group 1-733
2025-03-28 17:16:29,895 INFO o.a.j.t.JMeterThread: Thread finished: User Thread Group 1-733
2025-03-28 17:16:29,926 INFO o.a.j.t.JMeterThread: Thread is done: User Thread Group 1-734
2025-03-28 17:16:29,926 INFO o.a.j.t.JMeterThread: Thread finished: User Thread Group 1-734
2025-03-28 17:16:29,935 INFO o.a.j.t.JMeterThread: Thread started: User Thread Group 1-947
2025-03-28 17:16:29,973 INFO o.a.j.t.JMeterThread: Thread is done: User Thread Group 1-735
2025-03-28 17:16:29,973 INFO o.a.j.t.JMeterThread: Thread finished: User Thread Group 1-735
2025-03-28 17:16:29,980 INFO o.a.j.t.JMeterThread: Thread started: User Thread Group 1-948
2025-03-28 17:16:30,008 INFO o.a.j.r.Summariser: summary +   6669 in 00:00:30 =  222.3/s Avg:     8 Min:     2 Max:    63 Err:     0 (0.00%) Active: 213 Started: 948 Finished: 735
2025-03-28 17:16:30,010 INFO o.a.j.r.Summariser: summary =   8461 in 00:00:44 =  193.7/s Avg:     9 Min:     2 Max:   127 Err:     0 (0.00%)
2025-03-28 17:16:30,013 INFO o.a.j.t.JMeterThread: Thread is done: User Thread Group 1-736
2025-03-28 17:16:30,013 INFO o.a.j.t.JMeterThread: Thread finished: User Thread Group 1-736
2025-03-28 17:16:30,025 INFO o.a.j.t.JMeterThread: Thread started: User Thread Group 1-949
2025-03-28 17:16:30,070 INFO o.a.j.t.JMeterThread: Thread started: User Thread Group 1-950
2025-03-28 17:16:30,080 INFO o.a.j.t.JMeterThread: Thread is done: User Thread Group 1-737
2025-03-28 17:16:30,080 INFO o.a.j.t.JMeterThread: Thread finished: User Thread Group 1-737
2025-03-28 17:16:30,107 INFO o.a.j.t.JMeterThread: Thread is done: User Thread Group 1-738
2025-03-28 17:16:30,107 INFO o.a.j.t.JMeterThread: Thread finished: User Thread Group 1-738
2025-03-28 17:16:30,116 INFO o.a.j.t.JMeterThread: Thread started: User Thread Group 1-951
2025-03-28 17:16:30,160 INFO o.a.j.t.JMeterThread: Thread is done: User Thread Group 1-739
2025-03-28 17:16:30,160 INFO o.a.j.t.JMeterThread: Thread finished: User Thread Group 1-739
2025-03-28 17:16:30,161 INFO o.a.j.t.JMeterThread: Thread started: User Thread Group 1-952
2025-03-28 17:16:30,206 INFO o.a.j.t.JMeterThread: Thread started: User Thread Group 1-953
2025-03-28 17:16:30,220 INFO o.a.j.t.JMeterThread: Thread is done: User Thread Group 1-740
2025-03-28 17:16:30,220 INFO o.a.j.t.JMeterThread: Thread finished: User Thread Group 1-740
2025-03-28 17:16:30,237 INFO o.a.j.t.JMeterThread: Thread is done: User Thread Group 1-741
2025-03-28 17:16:30,237 INFO o.a.j.t.JMeterThread: Thread finished: User Thread Group 1-741
2025-03-28 17:16:30,250 INFO o.a.j.t.JMeterThread: Thread started: User Thread Group 1-954
2025-03-28 17:16:30,273 INFO o.a.j.t.JMeterThread: Thread is done: User Thread Group 1-742
2025-03-28 17:16:30,273 INFO o.a.j.t.JMeterThread: Thread finished: User Thread Group 1-742
2025-03-28 17:16:30,295 INFO o.a.j.t.JMeterThread: Thread started: User Thread Group 1-955
2025-03-28 17:16:30,327 INFO o.a.j.t.JMeterThread: Thread is done: User Thread Group 1-743
2025-03-28 17:16:30,328 INFO o.a.j.t.JMeterThread: Thread finished: User Thread Group 1-743
2025-03-28 17:16:30,341 INFO o.a.j.t.JMeterThread: Thread started: User Thread Group 1-956
2025-03-28 17:16:30,385 INFO o.a.j.t.JMeterThread: Thread started: User Thread Group 1-957
2025-03-28 17:16:30,411 INFO o.a.j.t.JMeterThread: Thread is done: User Thread Group 1-744
2025-03-28 17:16:30,411 INFO o.a.j.t.JMeterThread: Thread finished: User Thread Group 1-744
2025-03-28 17:16:30,430 INFO o.a.j.t.JMeterThread: Thread started: User Thread Group 1-958
2025-03-28 17:16:30,446 INFO o.a.j.t.JMeterThread: Thread is done: User Thread Group 1-745
2025-03-28 17:16:30,446 INFO o.a.j.t.JMeterThread: Thread finished: User Thread Group 1-745
2025-03-28 17:16:30,475 INFO o.a.j.t.JMeterThread: Thread started: User Thread Group 1-959
2025-03-28 17:16:30,478 INFO o.a.j.t.JMeterThread: Thread is done: User Thread Group 1-746
2025-03-28 17:16:30,478 INFO o.a.j.t.JMeterThread: Thread finished: User Thread Group 1-746
2025-03-28 17:16:30,507 INFO o.a.j.t.JMeterThread: Thread is done: User Thread Group 1-747
2025-03-28 17:16:30,507 INFO o.a.j.t.JMeterThread: Thread finished: User Thread Group 1-747
2025-03-28 17:16:30,520 INFO o.a.j.t.JMeterThread: Thread started: User Thread Group 1-960
2025-03-28 17:16:30,565 INFO o.a.j.t.JMeterThread: Thread started: User Thread Group 1-961
2025-03-28 17:16:30,566 INFO o.a.j.t.JMeterThread: Thread is done: User Thread Group 1-748
2025-03-28 17:16:30,566 INFO o.a.j.t.JMeterThread: Thread finished: User Thread Group 1-748
2025-03-28 17:16:30,596 INFO o.a.j.t.JMeterThread: Thread is done: User Thread Group 1-749
2025-03-28 17:16:30,597 INFO o.a.j.t.JMeterThread: Thread finished: User Thread Group 1-749
2025-03-28 17:16:30,610 INFO o.a.j.t.JMeterThread: Thread started: User Thread Group 1-962
2025-03-28 17:16:30,638 INFO o.a.j.t.JMeterThread: Thread is done: User Thread Group 1-750
2025-03-28 17:16:30,638 INFO o.a.j.t.JMeterThread: Thread finished: User Thread Group 1-750
2025-03-28 17:16:30,655 INFO o.a.j.t.JMeterThread: Thread started: User Thread Group 1-963
2025-03-28 17:16:30,700 INFO o.a.j.t.JMeterThread: Thread started: User Thread Group 1-964
2025-03-28 17:16:30,715 INFO o.a.j.t.JMeterThread: Thread is done: User Thread Group 1-751
2025-03-28 17:16:30,715 INFO o.a.j.t.JMeterThread: Thread finished: User Thread Group 1-751
2025-03-28 17:16:30,745 INFO o.a.j.t.JMeterThread: Thread started: User Thread Group 1-965
2025-03-28 17:16:30,759 INFO o.a.j.t.JMeterThread: Thread is done: User Thread Group 1-752
2025-03-28 17:16:30,759 INFO o.a.j.t.JMeterThread: Thread finished: User Thread Group 1-752
2025-03-28 17:16:30,785 INFO o.a.j.t.JMeterThread: Thread is done: User Thread Group 1-753
2025-03-28 17:16:30,785 INFO o.a.j.t.JMeterThread: Thread finished: User Thread Group 1-753
2025-03-28 17:16:30,791 INFO o.a.j.t.JMeterThread: Thread started: User Thread Group 1-966
2025-03-28 17:16:30,830 INFO o.a.j.t.JMeterThread: Thread is done: User Thread Group 1-754
2025-03-28 17:16:30,830 INFO o.a.j.t.JMeterThread: Thread finished: User Thread Group 1-754
2025-03-28 17:16:30,836 INFO o.a.j.t.JMeterThread: Thread started: User Thread Group 1-967
2025-03-28 17:16:30,880 INFO o.a.j.t.JMeterThread: Thread started: User Thread Group 1-968
2025-03-28 17:16:30,913 INFO o.a.j.t.JMeterThread: Thread is done: User Thread Group 1-756
2025-03-28 17:16:30,913 INFO o.a.j.t.JMeterThread: Thread finished: User Thread Group 1-756
2025-03-28 17:16:30,915 INFO o.a.j.t.JMeterThread: Thread is done: User Thread Group 1-755
2025-03-28 17:16:30,915 INFO o.a.j.t.JMeterThread: Thread finished: User Thread Group 1-755
2025-03-28 17:16:30,926 INFO o.a.j.t.JMeterThread: Thread started: User Thread Group 1-969
2025-03-28 17:16:30,951 INFO o.a.j.t.JMeterThread: Thread is done: User Thread Group 1-757
2025-03-28 17:16:30,951 INFO o.a.j.t.JMeterThread: Thread finished: User Thread Group 1-757
2025-03-28 17:16:30,970 INFO o.a.j.t.JMeterThread: Thread started: User Thread Group 1-970
2025-03-28 17:16:31,007 INFO o.a.j.t.JMeterThread: Thread is done: User Thread Group 1-758
2025-03-28 17:16:31,007 INFO o.a.j.t.JMeterThread: Thread finished: User Thread Group 1-758
2025-03-28 17:16:31,015 INFO o.a.j.t.JMeterThread: Thread started: User Thread Group 1-971
2025-03-28 17:16:31,064 INFO o.a.j.t.JMeterThread: Thread started: User Thread Group 1-972
2025-03-28 17:16:31,086 INFO o.a.j.t.JMeterThread: Thread is done: User Thread Group 1-759
2025-03-28 17:16:31,086 INFO o.a.j.t.JMeterThread: Thread finished: User Thread Group 1-759
2025-03-28 17:16:31,098 INFO o.a.j.t.JMeterThread: Thread is done: User Thread Group 1-760
2025-03-28 17:16:31,098 INFO o.a.j.t.JMeterThread: Thread finished: User Thread Group 1-760
2025-03-28 17:16:31,105 INFO o.a.j.t.JMeterThread: Thread started: User Thread Group 1-973
2025-03-28 17:16:31,140 INFO o.a.j.t.JMeterThread: Thread is done: User Thread Group 1-761
2025-03-28 17:16:31,140 INFO o.a.j.t.JMeterThread: Thread finished: User Thread Group 1-761
2025-03-28 17:16:31,151 INFO o.a.j.t.JMeterThread: Thread started: User Thread Group 1-974
2025-03-28 17:16:31,187 INFO o.a.j.t.JMeterThread: Thread is done: User Thread Group 1-762
2025-03-28 17:16:31,187 INFO o.a.j.t.JMeterThread: Thread finished: User Thread Group 1-762
2025-03-28 17:16:31,197 INFO o.a.j.t.JMeterThread: Thread started: User Thread Group 1-975
2025-03-28 17:16:31,241 INFO o.a.j.t.JMeterThread: Thread started: User Thread Group 1-976
2025-03-28 17:16:31,255 INFO o.a.j.t.JMeterThread: Thread is done: User Thread Group 1-763
2025-03-28 17:16:31,255 INFO o.a.j.t.JMeterThread: Thread finished: User Thread Group 1-763
2025-03-28 17:16:31,285 INFO o.a.j.t.JMeterThread: Thread started: User Thread Group 1-977
2025-03-28 17:16:31,302 INFO o.a.j.t.JMeterThread: Thread is done: User Thread Group 1-764
2025-03-28 17:16:31,302 INFO o.a.j.t.JMeterThread: Thread finished: User Thread Group 1-764
2025-03-28 17:16:31,331 INFO o.a.j.t.JMeterThread: Thread started: User Thread Group 1-978
2025-03-28 17:16:31,346 INFO o.a.j.t.JMeterThread: Thread is done: User Thread Group 1-765
2025-03-28 17:16:31,346 INFO o.a.j.t.JMeterThread: Thread finished: User Thread Group 1-765
2025-03-28 17:16:31,362 INFO o.a.j.t.JMeterThread: Thread is done: User Thread Group 1-766
2025-03-28 17:16:31,362 INFO o.a.j.t.JMeterThread: Thread finished: User Thread Group 1-766
2025-03-28 17:16:31,377 INFO o.a.j.t.JMeterThread: Thread started: User Thread Group 1-979
2025-03-28 17:16:31,421 INFO o.a.j.t.JMeterThread: Thread started: User Thread Group 1-980
2025-03-28 17:16:31,430 INFO o.a.j.t.JMeterThread: Thread is done: User Thread Group 1-767
2025-03-28 17:16:31,431 INFO o.a.j.t.JMeterThread: Thread finished: User Thread Group 1-767
2025-03-28 17:16:31,466 INFO o.a.j.t.JMeterThread: Thread started: User Thread Group 1-981
2025-03-28 17:16:31,468 INFO o.a.j.t.JMeterThread: Thread is done: User Thread Group 1-768
2025-03-28 17:16:31,468 INFO o.a.j.t.JMeterThread: Thread finished: User Thread Group 1-768
2025-03-28 17:16:31,511 INFO o.a.j.t.JMeterThread: Thread started: User Thread Group 1-982
2025-03-28 17:16:31,524 INFO o.a.j.t.JMeterThread: Thread is done: User Thread Group 1-769
2025-03-28 17:16:31,524 INFO o.a.j.t.JMeterThread: Thread finished: User Thread Group 1-769
2025-03-28 17:16:31,555 INFO o.a.j.t.JMeterThread: Thread started: User Thread Group 1-983
2025-03-28 17:16:31,582 INFO o.a.j.t.JMeterThread: Thread is done: User Thread Group 1-770
2025-03-28 17:16:31,582 INFO o.a.j.t.JMeterThread: Thread finished: User Thread Group 1-770
2025-03-28 17:16:31,594 INFO o.a.j.t.JMeterThread: Thread is done: User Thread Group 1-771
2025-03-28 17:16:31,594 INFO o.a.j.t.JMeterThread: Thread finished: User Thread Group 1-771
2025-03-28 17:16:31,600 INFO o.a.j.t.JMeterThread: Thread started: User Thread Group 1-984
2025-03-28 17:16:31,646 INFO o.a.j.t.JMeterThread: Thread started: User Thread Group 1-985
2025-03-28 17:16:31,648 INFO o.a.j.t.JMeterThread: Thread is done: User Thread Group 1-772
2025-03-28 17:16:31,648 INFO o.a.j.t.JMeterThread: Thread finished: User Thread Group 1-772
2025-03-28 17:16:31,681 INFO o.a.j.t.JMeterThread: Thread is done: User Thread Group 1-773
2025-03-28 17:16:31,681 INFO o.a.j.t.JMeterThread: Thread finished: User Thread Group 1-773
2025-03-28 17:16:31,690 INFO o.a.j.t.JMeterThread: Thread started: User Thread Group 1-986
2025-03-28 17:16:31,735 INFO o.a.j.t.JMeterThread: Thread started: User Thread Group 1-987
2025-03-28 17:16:31,740 INFO o.a.j.t.JMeterThread: Thread is done: User Thread Group 1-774
2025-03-28 17:16:31,741 INFO o.a.j.t.JMeterThread: Thread finished: User Thread Group 1-774
2025-03-28 17:16:31,780 INFO o.a.j.t.JMeterThread: Thread started: User Thread Group 1-988
2025-03-28 17:16:31,784 INFO o.a.j.t.JMeterThread: Thread is done: User Thread Group 1-775
2025-03-28 17:16:31,784 INFO o.a.j.t.JMeterThread: Thread finished: User Thread Group 1-775
2025-03-28 17:16:31,819 INFO o.a.j.t.JMeterThread: Thread is done: User Thread Group 1-776
2025-03-28 17:16:31,819 INFO o.a.j.t.JMeterThread: Thread finished: User Thread Group 1-776
2025-03-28 17:16:31,825 INFO o.a.j.t.JMeterThread: Thread started: User Thread Group 1-989
2025-03-28 17:16:31,871 INFO o.a.j.t.JMeterThread: Thread is done: User Thread Group 1-777
2025-03-28 17:16:31,872 INFO o.a.j.t.JMeterThread: Thread finished: User Thread Group 1-777
2025-03-28 17:16:31,871 INFO o.a.j.t.JMeterThread: Thread started: User Thread Group 1-990
2025-03-28 17:16:31,915 INFO o.a.j.t.JMeterThread: Thread started: User Thread Group 1-991
2025-03-28 17:16:31,933 INFO o.a.j.t.JMeterThread: Thread is done: User Thread Group 1-778
2025-03-28 17:16:31,933 INFO o.a.j.t.JMeterThread: Thread finished: User Thread Group 1-778
2025-03-28 17:16:31,953 INFO o.a.j.t.JMeterThread: Thread is done: User Thread Group 1-779
2025-03-28 17:16:31,953 INFO o.a.j.t.JMeterThread: Thread finished: User Thread Group 1-779
2025-03-28 17:16:31,961 INFO o.a.j.t.JMeterThread: Thread started: User Thread Group 1-992
2025-03-28 17:16:32,005 INFO o.a.j.t.JMeterThread: Thread started: User Thread Group 1-993
2025-03-28 17:16:32,019 INFO o.a.j.t.JMeterThread: Thread is done: User Thread Group 1-780
2025-03-28 17:16:32,019 INFO o.a.j.t.JMeterThread: Thread finished: User Thread Group 1-780
2025-03-28 17:16:32,051 INFO o.a.j.t.JMeterThread: Thread started: User Thread Group 1-994
2025-03-28 17:16:32,053 INFO o.a.j.t.JMeterThread: Thread is done: User Thread Group 1-781
2025-03-28 17:16:32,053 INFO o.a.j.t.JMeterThread: Thread finished: User Thread Group 1-781
2025-03-28 17:16:32,095 INFO o.a.j.t.JMeterThread: Thread started: User Thread Group 1-995
2025-03-28 17:16:32,112 INFO o.a.j.t.JMeterThread: Thread is done: User Thread Group 1-782
2025-03-28 17:16:32,112 INFO o.a.j.t.JMeterThread: Thread finished: User Thread Group 1-782
2025-03-28 17:16:32,132 INFO o.a.j.t.JMeterThread: Thread is done: User Thread Group 1-783
2025-03-28 17:16:32,132 INFO o.a.j.t.JMeterThread: Thread finished: User Thread Group 1-783
2025-03-28 17:16:32,140 INFO o.a.j.t.JMeterThread: Thread started: User Thread Group 1-996
2025-03-28 17:16:32,185 INFO o.a.j.t.JMeterThread: Thread started: User Thread Group 1-997
2025-03-28 17:16:32,188 INFO o.a.j.t.JMeterThread: Thread is done: User Thread Group 1-784
2025-03-28 17:16:32,188 INFO o.a.j.t.JMeterThread: Thread finished: User Thread Group 1-784
2025-03-28 17:16:32,206 INFO o.a.j.t.JMeterThread: Thread is done: User Thread Group 1-785
2025-03-28 17:16:32,207 INFO o.a.j.t.JMeterThread: Thread finished: User Thread Group 1-785
2025-03-28 17:16:32,230 INFO o.a.j.t.JMeterThread: Thread started: User Thread Group 1-998
2025-03-28 17:16:32,276 INFO o.a.j.t.JMeterThread: Thread started: User Thread Group 1-999
2025-03-28 17:16:32,294 INFO o.a.j.t.JMeterThread: Thread is done: User Thread Group 1-786
2025-03-28 17:16:32,294 INFO o.a.j.t.JMeterThread: Thread finished: User Thread Group 1-786
2025-03-28 17:16:32,320 INFO o.a.j.t.JMeterThread: Thread started: User Thread Group 1-1000
2025-03-28 17:16:32,336 INFO o.a.j.t.JMeterThread: Thread is done: User Thread Group 1-787
2025-03-28 17:16:32,336 INFO o.a.j.t.JMeterThread: Thread finished: User Thread Group 1-787
2025-03-28 17:16:32,366 INFO o.a.j.t.JMeterThread: Thread is done: User Thread Group 1-788
2025-03-28 17:16:32,366 INFO o.a.j.t.JMeterThread: Thread finished: User Thread Group 1-788
2025-03-28 17:16:32,401 INFO o.a.j.t.JMeterThread: Thread is done: User Thread Group 1-789
2025-03-28 17:16:32,401 INFO o.a.j.t.JMeterThread: Thread finished: User Thread Group 1-789
2025-03-28 17:16:32,445 INFO o.a.j.t.JMeterThread: Thread is done: User Thread Group 1-790
2025-03-28 17:16:32,445 INFO o.a.j.t.JMeterThread: Thread finished: User Thread Group 1-790
2025-03-28 17:16:32,486 INFO o.a.j.t.JMeterThread: Thread is done: User Thread Group 1-791
2025-03-28 17:16:32,486 INFO o.a.j.t.JMeterThread: Thread finished: User Thread Group 1-791
2025-03-28 17:16:32,532 INFO o.a.j.t.JMeterThread: Thread is done: User Thread Group 1-792
2025-03-28 17:16:32,532 INFO o.a.j.t.JMeterThread: Thread finished: User Thread Group 1-792
2025-03-28 17:16:32,615 INFO o.a.j.t.JMeterThread: Thread is done: User Thread Group 1-793
2025-03-28 17:16:32,615 INFO o.a.j.t.JMeterThread: Thread finished: User Thread Group 1-793
2025-03-28 17:16:32,649 INFO o.a.j.t.JMeterThread: Thread is done: User Thread Group 1-794
2025-03-28 17:16:32,649 INFO o.a.j.t.JMeterThread: Thread finished: User Thread Group 1-794
2025-03-28 17:16:32,670 INFO o.a.j.t.JMeterThread: Thread is done: User Thread Group 1-795
2025-03-28 17:16:32,670 INFO o.a.j.t.JMeterThread: Thread finished: User Thread Group 1-795
2025-03-28 17:16:32,724 INFO o.a.j.t.JMeterThread: Thread is done: User Thread Group 1-796
2025-03-28 17:16:32,724 INFO o.a.j.t.JMeterThread: Thread finished: User Thread Group 1-796
2025-03-28 17:16:32,798 INFO o.a.j.t.JMeterThread: Thread is done: User Thread Group 1-797
2025-03-28 17:16:32,798 INFO o.a.j.t.JMeterThread: Thread finished: User Thread Group 1-797
2025-03-28 17:16:32,851 INFO o.a.j.t.JMeterThread: Thread is done: User Thread Group 1-798
2025-03-28 17:16:32,851 INFO o.a.j.t.JMeterThread: Thread finished: User Thread Group 1-798
2025-03-28 17:16:32,864 INFO o.a.j.t.JMeterThread: Thread is done: User Thread Group 1-799
2025-03-28 17:16:32,864 INFO o.a.j.t.JMeterThread: Thread finished: User Thread Group 1-799
2025-03-28 17:16:32,908 INFO o.a.j.t.JMeterThread: Thread is done: User Thread Group 1-800
2025-03-28 17:16:32,908 INFO o.a.j.t.JMeterThread: Thread finished: User Thread Group 1-800
2025-03-28 17:16:32,963 INFO o.a.j.t.JMeterThread: Thread is done: User Thread Group 1-801
2025-03-28 17:16:32,963 INFO o.a.j.t.JMeterThread: Thread finished: User Thread Group 1-801
2025-03-28 17:16:33,007 INFO o.a.j.t.JMeterThread: Thread is done: User Thread Group 1-802
2025-03-28 17:16:33,007 INFO o.a.j.t.JMeterThread: Thread finished: User Thread Group 1-802
2025-03-28 17:16:33,029 INFO o.a.j.t.JMeterThread: Thread is done: User Thread Group 1-803
2025-03-28 17:16:33,029 INFO o.a.j.t.JMeterThread: Thread finished: User Thread Group 1-803
2025-03-28 17:16:33,121 INFO o.a.j.t.JMeterThread: Thread is done: User Thread Group 1-804
2025-03-28 17:16:33,121 INFO o.a.j.t.JMeterThread: Thread finished: User Thread Group 1-804
2025-03-28 17:16:33,137 INFO o.a.j.t.JMeterThread: Thread is done: User Thread Group 1-805
2025-03-28 17:16:33,137 INFO o.a.j.t.JMeterThread: Thread finished: User Thread Group 1-805
2025-03-28 17:16:33,185 INFO o.a.j.t.JMeterThread: Thread is done: User Thread Group 1-806
2025-03-28 17:16:33,185 INFO o.a.j.t.JMeterThread: Thread finished: User Thread Group 1-806
2025-03-28 17:16:33,232 INFO o.a.j.t.JMeterThread: Thread is done: User Thread Group 1-807
2025-03-28 17:16:33,233 INFO o.a.j.t.JMeterThread: Thread finished: User Thread Group 1-807
2025-03-28 17:16:33,310 INFO o.a.j.t.JMeterThread: Thread is done: User Thread Group 1-809
2025-03-28 17:16:33,311 INFO o.a.j.t.JMeterThread: Thread finished: User Thread Group 1-809
2025-03-28 17:16:33,314 INFO o.a.j.t.JMeterThread: Thread is done: User Thread Group 1-808
2025-03-28 17:16:33,315 INFO o.a.j.t.JMeterThread: Thread finished: User Thread Group 1-808
2025-03-28 17:16:33,379 INFO o.a.j.t.JMeterThread: Thread is done: User Thread Group 1-810
2025-03-28 17:16:33,379 INFO o.a.j.t.JMeterThread: Thread finished: User Thread Group 1-810
2025-03-28 17:16:33,414 INFO o.a.j.t.JMeterThread: Thread is done: User Thread Group 1-811
2025-03-28 17:16:33,414 INFO o.a.j.t.JMeterThread: Thread finished: User Thread Group 1-811
2025-03-28 17:16:33,438 INFO o.a.j.t.JMeterThread: Thread is done: User Thread Group 1-812
2025-03-28 17:16:33,438 INFO o.a.j.t.JMeterThread: Thread finished: User Thread Group 1-812
2025-03-28 17:16:33,482 INFO o.a.j.t.JMeterThread: Thread is done: User Thread Group 1-813
2025-03-28 17:16:33,482 INFO o.a.j.t.JMeterThread: Thread finished: User Thread Group 1-813
2025-03-28 17:16:33,533 INFO o.a.j.t.JMeterThread: Thread is done: User Thread Group 1-814
2025-03-28 17:16:33,534 INFO o.a.j.t.JMeterThread: Thread finished: User Thread Group 1-814
2025-03-28 17:16:33,586 INFO o.a.j.t.JMeterThread: Thread is done: User Thread Group 1-815
2025-03-28 17:16:33,586 INFO o.a.j.t.JMeterThread: Thread finished: User Thread Group 1-815
2025-03-28 17:16:33,646 INFO o.a.j.t.JMeterThread: Thread is done: User Thread Group 1-816
2025-03-28 17:16:33,646 INFO o.a.j.t.JMeterThread: Thread finished: User Thread Group 1-816
2025-03-28 17:16:33,689 INFO o.a.j.t.JMeterThread: Thread is done: User Thread Group 1-817
2025-03-28 17:16:33,689 INFO o.a.j.t.JMeterThread: Thread finished: User Thread Group 1-817
2025-03-28 17:16:33,705 INFO o.a.j.t.JMeterThread: Thread is done: User Thread Group 1-818
2025-03-28 17:16:33,705 INFO o.a.j.t.JMeterThread: Thread finished: User Thread Group 1-818
2025-03-28 17:16:33,741 INFO o.a.j.t.JMeterThread: Thread is done: User Thread Group 1-819
2025-03-28 17:16:33,742 INFO o.a.j.t.JMeterThread: Thread finished: User Thread Group 1-819
2025-03-28 17:16:33,820 INFO o.a.j.t.JMeterThread: Thread is done: User Thread Group 1-820
2025-03-28 17:16:33,820 INFO o.a.j.t.JMeterThread: Thread finished: User Thread Group 1-820
2025-03-28 17:16:33,837 INFO o.a.j.t.JMeterThread: Thread is done: User Thread Group 1-821
2025-03-28 17:16:33,837 INFO o.a.j.t.JMeterThread: Thread finished: User Thread Group 1-821
2025-03-28 17:16:33,893 INFO o.a.j.t.JMeterThread: Thread is done: User Thread Group 1-822
2025-03-28 17:16:33,893 INFO o.a.j.t.JMeterThread: Thread finished: User Thread Group 1-822
2025-03-28 17:16:33,926 INFO o.a.j.t.JMeterThread: Thread is done: User Thread Group 1-823
2025-03-28 17:16:33,926 INFO o.a.j.t.JMeterThread: Thread finished: User Thread Group 1-823
2025-03-28 17:16:33,971 INFO o.a.j.t.JMeterThread: Thread is done: User Thread Group 1-824
2025-03-28 17:16:33,971 INFO o.a.j.t.JMeterThread: Thread finished: User Thread Group 1-824
2025-03-28 17:16:34,031 INFO o.a.j.t.JMeterThread: Thread is done: User Thread Group 1-825
2025-03-28 17:16:34,031 INFO o.a.j.t.JMeterThread: Thread finished: User Thread Group 1-825
2025-03-28 17:16:34,066 INFO o.a.j.t.JMeterThread: Thread is done: User Thread Group 1-826
2025-03-28 17:16:34,066 INFO o.a.j.t.JMeterThread: Thread finished: User Thread Group 1-826
2025-03-28 17:16:34,121 INFO o.a.j.t.JMeterThread: Thread is done: User Thread Group 1-827
2025-03-28 17:16:34,121 INFO o.a.j.t.JMeterThread: Thread finished: User Thread Group 1-827
2025-03-28 17:16:34,164 INFO o.a.j.t.JMeterThread: Thread is done: User Thread Group 1-828
2025-03-28 17:16:34,164 INFO o.a.j.t.JMeterThread: Thread finished: User Thread Group 1-828
2025-03-28 17:16:34,210 INFO o.a.j.t.JMeterThread: Thread is done: User Thread Group 1-829
2025-03-28 17:16:34,210 INFO o.a.j.t.JMeterThread: Thread finished: User Thread Group 1-829
2025-03-28 17:16:34,257 INFO o.a.j.t.JMeterThread: Thread is done: User Thread Group 1-830
2025-03-28 17:16:34,257 INFO o.a.j.t.JMeterThread: Thread finished: User Thread Group 1-830
2025-03-28 17:16:34,318 INFO o.a.j.t.JMeterThread: Thread is done: User Thread Group 1-831
2025-03-28 17:16:34,318 INFO o.a.j.t.JMeterThread: Thread finished: User Thread Group 1-831
2025-03-28 17:16:34,386 INFO o.a.j.t.JMeterThread: Thread is done: User Thread Group 1-832
2025-03-28 17:16:34,386 INFO o.a.j.t.JMeterThread: Thread finished: User Thread Group 1-832
2025-03-28 17:16:34,401 INFO o.a.j.t.JMeterThread: Thread is done: User Thread Group 1-833
2025-03-28 17:16:34,401 INFO o.a.j.t.JMeterThread: Thread finished: User Thread Group 1-833
2025-03-28 17:16:34,432 INFO o.a.j.t.JMeterThread: Thread is done: User Thread Group 1-834
2025-03-28 17:16:34,432 INFO o.a.j.t.JMeterThread: Thread finished: User Thread Group 1-834
2025-03-28 17:16:34,490 INFO o.a.j.t.JMeterThread: Thread is done: User Thread Group 1-835
2025-03-28 17:16:34,490 INFO o.a.j.t.JMeterThread: Thread finished: User Thread Group 1-835
2025-03-28 17:16:34,527 INFO o.a.j.t.JMeterThread: Thread is done: User Thread Group 1-836
2025-03-28 17:16:34,527 INFO o.a.j.t.JMeterThread: Thread finished: User Thread Group 1-836
2025-03-28 17:16:34,563 INFO o.a.j.t.JMeterThread: Thread is done: User Thread Group 1-837
2025-03-28 17:16:34,563 INFO o.a.j.t.JMeterThread: Thread finished: User Thread Group 1-837
2025-03-28 17:16:34,614 INFO o.a.j.t.JMeterThread: Thread is done: User Thread Group 1-838
2025-03-28 17:16:34,615 INFO o.a.j.t.JMeterThread: Thread finished: User Thread Group 1-838
2025-03-28 17:16:34,658 INFO o.a.j.t.JMeterThread: Thread is done: User Thread Group 1-839
2025-03-28 17:16:34,658 INFO o.a.j.t.JMeterThread: Thread finished: User Thread Group 1-839
2025-03-28 17:16:34,731 INFO o.a.j.t.JMeterThread: Thread is done: User Thread Group 1-840
2025-03-28 17:16:34,731 INFO o.a.j.t.JMeterThread: Thread finished: User Thread Group 1-840
2025-03-28 17:16:34,743 INFO o.a.j.t.JMeterThread: Thread is done: User Thread Group 1-841
2025-03-28 17:16:34,743 INFO o.a.j.t.JMeterThread: Thread finished: User Thread Group 1-841
2025-03-28 17:16:34,802 INFO o.a.j.t.JMeterThread: Thread is done: User Thread Group 1-842
2025-03-28 17:16:34,803 INFO o.a.j.t.JMeterThread: Thread finished: User Thread Group 1-842
2025-03-28 17:16:34,836 INFO o.a.j.t.JMeterThread: Thread is done: User Thread Group 1-843
2025-03-28 17:16:34,836 INFO o.a.j.t.JMeterThread: Thread finished: User Thread Group 1-843
2025-03-28 17:16:34,928 INFO o.a.j.t.JMeterThread: Thread is done: User Thread Group 1-844
2025-03-28 17:16:34,928 INFO o.a.j.t.JMeterThread: Thread finished: User Thread Group 1-844
2025-03-28 17:16:34,939 INFO o.a.j.t.JMeterThread: Thread is done: User Thread Group 1-845
2025-03-28 17:16:34,939 INFO o.a.j.t.JMeterThread: Thread finished: User Thread Group 1-845
2025-03-28 17:16:34,974 INFO o.a.j.t.JMeterThread: Thread is done: User Thread Group 1-846
2025-03-28 17:16:34,974 INFO o.a.j.t.JMeterThread: Thread finished: User Thread Group 1-846
2025-03-28 17:16:35,011 INFO o.a.j.t.JMeterThread: Thread is done: User Thread Group 1-847
2025-03-28 17:16:35,011 INFO o.a.j.t.JMeterThread: Thread finished: User Thread Group 1-847
2025-03-28 17:16:35,062 INFO o.a.j.t.JMeterThread: Thread is done: User Thread Group 1-848
2025-03-28 17:16:35,063 INFO o.a.j.t.JMeterThread: Thread finished: User Thread Group 1-848
2025-03-28 17:16:35,103 INFO o.a.j.t.JMeterThread: Thread is done: User Thread Group 1-849
2025-03-28 17:16:35,103 INFO o.a.j.t.JMeterThread: Thread finished: User Thread Group 1-849
2025-03-28 17:16:35,147 INFO o.a.j.t.JMeterThread: Thread is done: User Thread Group 1-850
2025-03-28 17:16:35,147 INFO o.a.j.t.JMeterThread: Thread finished: User Thread Group 1-850
2025-03-28 17:16:35,209 INFO o.a.j.t.JMeterThread: Thread is done: User Thread Group 1-851
2025-03-28 17:16:35,209 INFO o.a.j.t.JMeterThread: Thread finished: User Thread Group 1-851
2025-03-28 17:16:35,232 INFO o.a.j.t.JMeterThread: Thread is done: User Thread Group 1-852
2025-03-28 17:16:35,232 INFO o.a.j.t.JMeterThread: Thread finished: User Thread Group 1-852
2025-03-28 17:16:35,305 INFO o.a.j.t.JMeterThread: Thread is done: User Thread Group 1-853
2025-03-28 17:16:35,306 INFO o.a.j.t.JMeterThread: Thread finished: User Thread Group 1-853
2025-03-28 17:16:35,361 INFO o.a.j.t.JMeterThread: Thread is done: User Thread Group 1-854
2025-03-28 17:16:35,361 INFO o.a.j.t.JMeterThread: Thread finished: User Thread Group 1-854
2025-03-28 17:16:35,392 INFO o.a.j.t.JMeterThread: Thread is done: User Thread Group 1-855
2025-03-28 17:16:35,392 INFO o.a.j.t.JMeterThread: Thread finished: User Thread Group 1-855
2025-03-28 17:16:35,426 INFO o.a.j.t.JMeterThread: Thread is done: User Thread Group 1-856
2025-03-28 17:16:35,426 INFO o.a.j.t.JMeterThread: Thread finished: User Thread Group 1-856
2025-03-28 17:16:35,474 INFO o.a.j.t.JMeterThread: Thread is done: User Thread Group 1-857
2025-03-28 17:16:35,474 INFO o.a.j.t.JMeterThread: Thread finished: User Thread Group 1-857
2025-03-28 17:16:35,503 INFO o.a.j.t.JMeterThread: Thread is done: User Thread Group 1-858
2025-03-28 17:16:35,503 INFO o.a.j.t.JMeterThread: Thread finished: User Thread Group 1-858
2025-03-28 17:16:35,539 INFO o.a.j.t.JMeterThread: Thread is done: User Thread Group 1-859
2025-03-28 17:16:35,539 INFO o.a.j.t.JMeterThread: Thread finished: User Thread Group 1-859
2025-03-28 17:16:35,613 INFO o.a.j.t.JMeterThread: Thread is done: User Thread Group 1-860
2025-03-28 17:16:35,613 INFO o.a.j.t.JMeterThread: Thread finished: User Thread Group 1-860
2025-03-28 17:16:35,653 INFO o.a.j.t.JMeterThread: Thread is done: User Thread Group 1-861
2025-03-28 17:16:35,653 INFO o.a.j.t.JMeterThread: Thread finished: User Thread Group 1-861
2025-03-28 17:16:35,674 INFO o.a.j.t.JMeterThread: Thread is done: User Thread Group 1-862
2025-03-28 17:16:35,675 INFO o.a.j.t.JMeterThread: Thread finished: User Thread Group 1-862
2025-03-28 17:16:35,729 INFO o.a.j.t.JMeterThread: Thread is done: User Thread Group 1-863
2025-03-28 17:16:35,729 INFO o.a.j.t.JMeterThread: Thread finished: User Thread Group 1-863
2025-03-28 17:16:35,817 INFO o.a.j.t.JMeterThread: Thread is done: User Thread Group 1-864
2025-03-28 17:16:35,817 INFO o.a.j.t.JMeterThread: Thread finished: User Thread Group 1-864
2025-03-28 17:16:35,840 INFO o.a.j.t.JMeterThread: Thread is done: User Thread Group 1-865
2025-03-28 17:16:35,840 INFO o.a.j.t.JMeterThread: Thread finished: User Thread Group 1-865
2025-03-28 17:16:35,902 INFO o.a.j.t.JMeterThread: Thread is done: User Thread Group 1-866
2025-03-28 17:16:35,902 INFO o.a.j.t.JMeterThread: Thread finished: User Thread Group 1-866
2025-03-28 17:16:35,950 INFO o.a.j.t.JMeterThread: Thread is done: User Thread Group 1-867
2025-03-28 17:16:35,950 INFO o.a.j.t.JMeterThread: Thread finished: User Thread Group 1-867
2025-03-28 17:16:35,963 INFO o.a.j.t.JMeterThread: Thread is done: User Thread Group 1-868
2025-03-28 17:16:35,963 INFO o.a.j.t.JMeterThread: Thread finished: User Thread Group 1-868
2025-03-28 17:16:35,997 INFO o.a.j.t.JMeterThread: Thread is done: User Thread Group 1-869
2025-03-28 17:16:35,997 INFO o.a.j.t.JMeterThread: Thread finished: User Thread Group 1-869
2025-03-28 17:16:36,032 INFO o.a.j.t.JMeterThread: Thread is done: User Thread Group 1-870
2025-03-28 17:16:36,032 INFO o.a.j.t.JMeterThread: Thread finished: User Thread Group 1-870
2025-03-28 17:16:36,090 INFO o.a.j.t.JMeterThread: Thread is done: User Thread Group 1-871
2025-03-28 17:16:36,090 INFO o.a.j.t.JMeterThread: Thread finished: User Thread Group 1-871
2025-03-28 17:16:36,138 INFO o.a.j.t.JMeterThread: Thread is done: User Thread Group 1-872
2025-03-28 17:16:36,139 INFO o.a.j.t.JMeterThread: Thread finished: User Thread Group 1-872
2025-03-28 17:16:36,181 INFO o.a.j.t.JMeterThread: Thread is done: User Thread Group 1-873
2025-03-28 17:16:36,181 INFO o.a.j.t.JMeterThread: Thread finished: User Thread Group 1-873
2025-03-28 17:16:36,217 INFO o.a.j.t.JMeterThread: Thread is done: User Thread Group 1-874
2025-03-28 17:16:36,217 INFO o.a.j.t.JMeterThread: Thread finished: User Thread Group 1-874
2025-03-28 17:16:36,277 INFO o.a.j.t.JMeterThread: Thread is done: User Thread Group 1-875
2025-03-28 17:16:36,277 INFO o.a.j.t.JMeterThread: Thread finished: User Thread Group 1-875
2025-03-28 17:16:36,317 INFO o.a.j.t.JMeterThread: Thread is done: User Thread Group 1-876
2025-03-28 17:16:36,317 INFO o.a.j.t.JMeterThread: Thread finished: User Thread Group 1-876
2025-03-28 17:16:36,370 INFO o.a.j.t.JMeterThread: Thread is done: User Thread Group 1-877
2025-03-28 17:16:36,370 INFO o.a.j.t.JMeterThread: Thread finished: User Thread Group 1-877
2025-03-28 17:16:36,426 INFO o.a.j.t.JMeterThread: Thread is done: User Thread Group 1-878
2025-03-28 17:16:36,427 INFO o.a.j.t.JMeterThread: Thread finished: User Thread Group 1-878
2025-03-28 17:16:36,452 INFO o.a.j.t.JMeterThread: Thread is done: User Thread Group 1-879
2025-03-28 17:16:36,452 INFO o.a.j.t.JMeterThread: Thread finished: User Thread Group 1-879
2025-03-28 17:16:36,524 INFO o.a.j.t.JMeterThread: Thread is done: User Thread Group 1-880
2025-03-28 17:16:36,524 INFO o.a.j.t.JMeterThread: Thread finished: User Thread Group 1-880
2025-03-28 17:16:36,545 INFO o.a.j.t.JMeterThread: Thread is done: User Thread Group 1-881
2025-03-28 17:16:36,545 INFO o.a.j.t.JMeterThread: Thread finished: User Thread Group 1-881
2025-03-28 17:16:36,587 INFO o.a.j.t.JMeterThread: Thread is done: User Thread Group 1-882
2025-03-28 17:16:36,587 INFO o.a.j.t.JMeterThread: Thread finished: User Thread Group 1-882
2025-03-28 17:16:36,632 INFO o.a.j.t.JMeterThread: Thread is done: User Thread Group 1-883
2025-03-28 17:16:36,632 INFO o.a.j.t.JMeterThread: Thread finished: User Thread Group 1-883
2025-03-28 17:16:36,684 INFO o.a.j.t.JMeterThread: Thread is done: User Thread Group 1-884
2025-03-28 17:16:36,684 INFO o.a.j.t.JMeterThread: Thread finished: User Thread Group 1-884
2025-03-28 17:16:36,724 INFO o.a.j.t.JMeterThread: Thread is done: User Thread Group 1-885
2025-03-28 17:16:36,724 INFO o.a.j.t.JMeterThread: Thread finished: User Thread Group 1-885
2025-03-28 17:16:36,763 INFO o.a.j.t.JMeterThread: Thread is done: User Thread Group 1-886
2025-03-28 17:16:36,763 INFO o.a.j.t.JMeterThread: Thread finished: User Thread Group 1-886
2025-03-28 17:16:36,817 INFO o.a.j.t.JMeterThread: Thread is done: User Thread Group 1-887
2025-03-28 17:16:36,817 INFO o.a.j.t.JMeterThread: Thread finished: User Thread Group 1-887
2025-03-28 17:16:36,861 INFO o.a.j.t.JMeterThread: Thread is done: User Thread Group 1-888
2025-03-28 17:16:36,862 INFO o.a.j.t.JMeterThread: Thread finished: User Thread Group 1-888
2025-03-28 17:16:36,934 INFO o.a.j.t.JMeterThread: Thread is done: User Thread Group 1-889
2025-03-28 17:16:36,935 INFO o.a.j.t.JMeterThread: Thread finished: User Thread Group 1-889
2025-03-28 17:16:36,961 INFO o.a.j.t.JMeterThread: Thread is done: User Thread Group 1-890
2025-03-28 17:16:36,961 INFO o.a.j.t.JMeterThread: Thread finished: User Thread Group 1-890
2025-03-28 17:16:36,997 INFO o.a.j.t.JMeterThread: Thread is done: User Thread Group 1-891
2025-03-28 17:16:36,998 INFO o.a.j.t.JMeterThread: Thread finished: User Thread Group 1-891
2025-03-28 17:16:37,038 INFO o.a.j.t.JMeterThread: Thread is done: User Thread Group 1-892
2025-03-28 17:16:37,038 INFO o.a.j.t.JMeterThread: Thread finished: User Thread Group 1-892
2025-03-28 17:16:37,069 INFO o.a.j.t.JMeterThread: Thread is done: User Thread Group 1-893
2025-03-28 17:16:37,069 INFO o.a.j.t.JMeterThread: Thread finished: User Thread Group 1-893
2025-03-28 17:16:37,144 INFO o.a.j.t.JMeterThread: Thread is done: User Thread Group 1-894
2025-03-28 17:16:37,144 INFO o.a.j.t.JMeterThread: Thread finished: User Thread Group 1-894
2025-03-28 17:16:37,168 INFO o.a.j.t.JMeterThread: Thread is done: User Thread Group 1-895
2025-03-28 17:16:37,168 INFO o.a.j.t.JMeterThread: Thread finished: User Thread Group 1-895
2025-03-28 17:16:37,254 INFO o.a.j.t.JMeterThread: Thread is done: User Thread Group 1-896
2025-03-28 17:16:37,254 INFO o.a.j.t.JMeterThread: Thread finished: User Thread Group 1-896
2025-03-28 17:16:37,267 INFO o.a.j.t.JMeterThread: Thread is done: User Thread Group 1-897
2025-03-28 17:16:37,267 INFO o.a.j.t.JMeterThread: Thread finished: User Thread Group 1-897
2025-03-28 17:16:37,312 INFO o.a.j.t.JMeterThread: Thread is done: User Thread Group 1-898
2025-03-28 17:16:37,312 INFO o.a.j.t.JMeterThread: Thread finished: User Thread Group 1-898
2025-03-28 17:16:37,350 INFO o.a.j.t.JMeterThread: Thread is done: User Thread Group 1-899
2025-03-28 17:16:37,350 INFO o.a.j.t.JMeterThread: Thread finished: User Thread Group 1-899
2025-03-28 17:16:37,411 INFO o.a.j.t.JMeterThread: Thread is done: User Thread Group 1-900
2025-03-28 17:16:37,411 INFO o.a.j.t.JMeterThread: Thread finished: User Thread Group 1-900
2025-03-28 17:16:37,466 INFO o.a.j.t.JMeterThread: Thread is done: User Thread Group 1-901
2025-03-28 17:16:37,466 INFO o.a.j.t.JMeterThread: Thread finished: User Thread Group 1-901
2025-03-28 17:16:37,485 INFO o.a.j.t.JMeterThread: Thread is done: User Thread Group 1-902
2025-03-28 17:16:37,486 INFO o.a.j.t.JMeterThread: Thread finished: User Thread Group 1-902
2025-03-28 17:16:37,544 INFO o.a.j.t.JMeterThread: Thread is done: User Thread Group 1-903
2025-03-28 17:16:37,544 INFO o.a.j.t.JMeterThread: Thread finished: User Thread Group 1-903
2025-03-28 17:16:37,601 INFO o.a.j.t.JMeterThread: Thread is done: User Thread Group 1-904
2025-03-28 17:16:37,601 INFO o.a.j.t.JMeterThread: Thread finished: User Thread Group 1-904
2025-03-28 17:16:37,630 INFO o.a.j.t.JMeterThread: Thread is done: User Thread Group 1-905
2025-03-28 17:16:37,630 INFO o.a.j.t.JMeterThread: Thread finished: User Thread Group 1-905
2025-03-28 17:16:37,663 INFO o.a.j.t.JMeterThread: Thread is done: User Thread Group 1-906
2025-03-28 17:16:37,663 INFO o.a.j.t.JMeterThread: Thread finished: User Thread Group 1-906
2025-03-28 17:16:37,703 INFO o.a.j.t.JMeterThread: Thread is done: User Thread Group 1-907
2025-03-28 17:16:37,703 INFO o.a.j.t.JMeterThread: Thread finished: User Thread Group 1-907
2025-03-28 17:16:37,758 INFO o.a.j.t.JMeterThread: Thread is done: User Thread Group 1-908
2025-03-28 17:16:37,758 INFO o.a.j.t.JMeterThread: Thread finished: User Thread Group 1-908
2025-03-28 17:16:37,790 INFO o.a.j.t.JMeterThread: Thread is done: User Thread Group 1-909
2025-03-28 17:16:37,791 INFO o.a.j.t.JMeterThread: Thread finished: User Thread Group 1-909
2025-03-28 17:16:37,837 INFO o.a.j.t.JMeterThread: Thread is done: User Thread Group 1-910
2025-03-28 17:16:37,837 INFO o.a.j.t.JMeterThread: Thread finished: User Thread Group 1-910
2025-03-28 17:16:37,893 INFO o.a.j.t.JMeterThread: Thread is done: User Thread Group 1-911
2025-03-28 17:16:37,893 INFO o.a.j.t.JMeterThread: Thread finished: User Thread Group 1-911
2025-03-28 17:16:37,937 INFO o.a.j.t.JMeterThread: Thread is done: User Thread Group 1-912
2025-03-28 17:16:37,937 INFO o.a.j.t.JMeterThread: Thread finished: User Thread Group 1-912
2025-03-28 17:16:37,978 INFO o.a.j.t.JMeterThread: Thread is done: User Thread Group 1-913
2025-03-28 17:16:37,978 INFO o.a.j.t.JMeterThread: Thread finished: User Thread Group 1-913
2025-03-28 17:16:38,022 INFO o.a.j.t.JMeterThread: Thread is done: User Thread Group 1-914
2025-03-28 17:16:38,022 INFO o.a.j.t.JMeterThread: Thread finished: User Thread Group 1-914
2025-03-28 17:16:38,116 INFO o.a.j.t.JMeterThread: Thread is done: User Thread Group 1-916
2025-03-28 17:16:38,116 INFO o.a.j.t.JMeterThread: Thread finished: User Thread Group 1-916
2025-03-28 17:16:38,120 INFO o.a.j.t.JMeterThread: Thread is done: User Thread Group 1-915
2025-03-28 17:16:38,120 INFO o.a.j.t.JMeterThread: Thread finished: User Thread Group 1-915
2025-03-28 17:16:38,163 INFO o.a.j.t.JMeterThread: Thread is done: User Thread Group 1-917
2025-03-28 17:16:38,164 INFO o.a.j.t.JMeterThread: Thread finished: User Thread Group 1-917
2025-03-28 17:16:38,207 INFO o.a.j.t.JMeterThread: Thread is done: User Thread Group 1-918
2025-03-28 17:16:38,207 INFO o.a.j.t.JMeterThread: Thread finished: User Thread Group 1-918
2025-03-28 17:16:38,246 INFO o.a.j.t.JMeterThread: Thread is done: User Thread Group 1-919
2025-03-28 17:16:38,246 INFO o.a.j.t.JMeterThread: Thread finished: User Thread Group 1-919
2025-03-28 17:16:38,297 INFO o.a.j.t.JMeterThread: Thread is done: User Thread Group 1-920
2025-03-28 17:16:38,297 INFO o.a.j.t.JMeterThread: Thread finished: User Thread Group 1-920
2025-03-28 17:16:38,332 INFO o.a.j.t.JMeterThread: Thread is done: User Thread Group 1-921
2025-03-28 17:16:38,332 INFO o.a.j.t.JMeterThread: Thread finished: User Thread Group 1-921
2025-03-28 17:16:38,385 INFO o.a.j.t.JMeterThread: Thread is done: User Thread Group 1-922
2025-03-28 17:16:38,385 INFO o.a.j.t.JMeterThread: Thread finished: User Thread Group 1-922
2025-03-28 17:16:38,463 INFO o.a.j.t.JMeterThread: Thread is done: User Thread Group 1-923
2025-03-28 17:16:38,463 INFO o.a.j.t.JMeterThread: Thread finished: User Thread Group 1-923
2025-03-28 17:16:38,478 INFO o.a.j.t.JMeterThread: Thread is done: User Thread Group 1-924
2025-03-28 17:16:38,478 INFO o.a.j.t.JMeterThread: Thread finished: User Thread Group 1-924
2025-03-28 17:16:38,521 INFO o.a.j.t.JMeterThread: Thread is done: User Thread Group 1-925
2025-03-28 17:16:38,522 INFO o.a.j.t.JMeterThread: Thread finished: User Thread Group 1-925
2025-03-28 17:16:38,566 INFO o.a.j.t.JMeterThread: Thread is done: User Thread Group 1-926
2025-03-28 17:16:38,566 INFO o.a.j.t.JMeterThread: Thread finished: User Thread Group 1-926
2025-03-28 17:16:38,621 INFO o.a.j.t.JMeterThread: Thread is done: User Thread Group 1-927
2025-03-28 17:16:38,622 INFO o.a.j.t.JMeterThread: Thread finished: User Thread Group 1-927
2025-03-28 17:16:38,650 INFO o.a.j.t.JMeterThread: Thread is done: User Thread Group 1-928
2025-03-28 17:16:38,650 INFO o.a.j.t.JMeterThread: Thread finished: User Thread Group 1-928
2025-03-28 17:16:38,702 INFO o.a.j.t.JMeterThread: Thread is done: User Thread Group 1-929
2025-03-28 17:16:38,703 INFO o.a.j.t.JMeterThread: Thread finished: User Thread Group 1-929
2025-03-28 17:16:38,737 INFO o.a.j.t.JMeterThread: Thread is done: User Thread Group 1-930
2025-03-28 17:16:38,737 INFO o.a.j.t.JMeterThread: Thread finished: User Thread Group 1-930
2025-03-28 17:16:38,776 INFO o.a.j.t.JMeterThread: Thread is done: User Thread Group 1-931
2025-03-28 17:16:38,776 INFO o.a.j.t.JMeterThread: Thread finished: User Thread Group 1-931
2025-03-28 17:16:38,829 INFO o.a.j.t.JMeterThread: Thread is done: User Thread Group 1-932
2025-03-28 17:16:38,829 INFO o.a.j.t.JMeterThread: Thread finished: User Thread Group 1-932
2025-03-28 17:16:38,875 INFO o.a.j.t.JMeterThread: Thread is done: User Thread Group 1-933
2025-03-28 17:16:38,875 INFO o.a.j.t.JMeterThread: Thread finished: User Thread Group 1-933
2025-03-28 17:16:38,911 INFO o.a.j.t.JMeterThread: Thread is done: User Thread Group 1-934
2025-03-28 17:16:38,911 INFO o.a.j.t.JMeterThread: Thread finished: User Thread Group 1-934
2025-03-28 17:16:38,999 INFO o.a.j.t.JMeterThread: Thread is done: User Thread Group 1-935
2025-03-28 17:16:38,999 INFO o.a.j.t.JMeterThread: Thread finished: User Thread Group 1-935
2025-03-28 17:16:39,029 INFO o.a.j.t.JMeterThread: Thread is done: User Thread Group 1-936
2025-03-28 17:16:39,029 INFO o.a.j.t.JMeterThread: Thread finished: User Thread Group 1-936
2025-03-28 17:16:39,085 INFO o.a.j.t.JMeterThread: Thread is done: User Thread Group 1-937
2025-03-28 17:16:39,085 INFO o.a.j.t.JMeterThread: Thread finished: User Thread Group 1-937
2025-03-28 17:16:39,162 INFO o.a.j.t.JMeterThread: Thread is done: User Thread Group 1-938
2025-03-28 17:16:39,162 INFO o.a.j.t.JMeterThread: Thread finished: User Thread Group 1-938
2025-03-28 17:16:39,165 INFO o.a.j.t.JMeterThread: Thread is done: User Thread Group 1-939
2025-03-28 17:16:39,165 INFO o.a.j.t.JMeterThread: Thread finished: User Thread Group 1-939
2025-03-28 17:16:39,204 INFO o.a.j.t.JMeterThread: Thread is done: User Thread Group 1-940
2025-03-28 17:16:39,204 INFO o.a.j.t.JMeterThread: Thread finished: User Thread Group 1-940
2025-03-28 17:16:39,238 INFO o.a.j.t.JMeterThread: Thread is done: User Thread Group 1-941
2025-03-28 17:16:39,238 INFO o.a.j.t.JMeterThread: Thread finished: User Thread Group 1-941
2025-03-28 17:16:39,287 INFO o.a.j.t.JMeterThread: Thread is done: User Thread Group 1-942
2025-03-28 17:16:39,287 INFO o.a.j.t.JMeterThread: Thread finished: User Thread Group 1-942
2025-03-28 17:16:39,345 INFO o.a.j.t.JMeterThread: Thread is done: User Thread Group 1-943
2025-03-28 17:16:39,345 INFO o.a.j.t.JMeterThread: Thread finished: User Thread Group 1-943
2025-03-28 17:16:39,367 INFO o.a.j.t.JMeterThread: Thread is done: User Thread Group 1-944
2025-03-28 17:16:39,367 INFO o.a.j.t.JMeterThread: Thread finished: User Thread Group 1-944
2025-03-28 17:16:39,410 INFO o.a.j.t.JMeterThread: Thread is done: User Thread Group 1-945
2025-03-28 17:16:39,410 INFO o.a.j.t.JMeterThread: Thread finished: User Thread Group 1-945
2025-03-28 17:16:39,465 INFO o.a.j.t.JMeterThread: Thread is done: User Thread Group 1-946
2025-03-28 17:16:39,465 INFO o.a.j.t.JMeterThread: Thread finished: User Thread Group 1-946
2025-03-28 17:16:39,530 INFO o.a.j.t.JMeterThread: Thread is done: User Thread Group 1-947
2025-03-28 17:16:39,530 INFO o.a.j.t.JMeterThread: Thread finished: User Thread Group 1-947
2025-03-28 17:16:39,581 INFO o.a.j.t.JMeterThread: Thread is done: User Thread Group 1-948
2025-03-28 17:16:39,582 INFO o.a.j.t.JMeterThread: Thread finished: User Thread Group 1-948
2025-03-28 17:16:39,639 INFO o.a.j.t.JMeterThread: Thread is done: User Thread Group 1-949
2025-03-28 17:16:39,639 INFO o.a.j.t.JMeterThread: Thread finished: User Thread Group 1-949
2025-03-28 17:16:39,675 INFO o.a.j.t.JMeterThread: Thread is done: User Thread Group 1-950
2025-03-28 17:16:39,676 INFO o.a.j.t.JMeterThread: Thread finished: User Thread Group 1-950
2025-03-28 17:16:39,709 INFO o.a.j.t.JMeterThread: Thread is done: User Thread Group 1-951
2025-03-28 17:16:39,709 INFO o.a.j.t.JMeterThread: Thread finished: User Thread Group 1-951
2025-03-28 17:16:39,721 INFO o.a.j.t.JMeterThread: Thread is done: User Thread Group 1-952
2025-03-28 17:16:39,721 INFO o.a.j.t.JMeterThread: Thread finished: User Thread Group 1-952
2025-03-28 17:16:39,787 INFO o.a.j.t.JMeterThread: Thread is done: User Thread Group 1-953
2025-03-28 17:16:39,788 INFO o.a.j.t.JMeterThread: Thread finished: User Thread Group 1-953
2025-03-28 17:16:39,832 INFO o.a.j.t.JMeterThread: Thread is done: User Thread Group 1-954
2025-03-28 17:16:39,832 INFO o.a.j.t.JMeterThread: Thread finished: User Thread Group 1-954
2025-03-28 17:16:39,853 INFO o.a.j.t.JMeterThread: Thread is done: User Thread Group 1-955
2025-03-28 17:16:39,853 INFO o.a.j.t.JMeterThread: Thread finished: User Thread Group 1-955
2025-03-28 17:16:39,912 INFO o.a.j.t.JMeterThread: Thread is done: User Thread Group 1-956
2025-03-28 17:16:39,912 INFO o.a.j.t.JMeterThread: Thread finished: User Thread Group 1-956
2025-03-28 17:16:39,947 INFO o.a.j.t.JMeterThread: Thread is done: User Thread Group 1-957
2025-03-28 17:16:39,947 INFO o.a.j.t.JMeterThread: Thread finished: User Thread Group 1-957
2025-03-28 17:16:40,004 INFO o.a.j.t.JMeterThread: Thread is done: User Thread Group 1-958
2025-03-28 17:16:40,004 INFO o.a.j.t.JMeterThread: Thread finished: User Thread Group 1-958
2025-03-28 17:16:40,045 INFO o.a.j.t.JMeterThread: Thread is done: User Thread Group 1-959
2025-03-28 17:16:40,045 INFO o.a.j.t.JMeterThread: Thread finished: User Thread Group 1-959
2025-03-28 17:16:40,095 INFO o.a.j.t.JMeterThread: Thread is done: User Thread Group 1-960
2025-03-28 17:16:40,096 INFO o.a.j.t.JMeterThread: Thread finished: User Thread Group 1-960
2025-03-28 17:16:40,170 INFO o.a.j.t.JMeterThread: Thread is done: User Thread Group 1-961
2025-03-28 17:16:40,170 INFO o.a.j.t.JMeterThread: Thread finished: User Thread Group 1-961
2025-03-28 17:16:40,177 INFO o.a.j.t.JMeterThread: Thread is done: User Thread Group 1-962
2025-03-28 17:16:40,177 INFO o.a.j.t.JMeterThread: Thread finished: User Thread Group 1-962
2025-03-28 17:16:40,223 INFO o.a.j.t.JMeterThread: Thread is done: User Thread Group 1-963
2025-03-28 17:16:40,223 INFO o.a.j.t.JMeterThread: Thread finished: User Thread Group 1-963
2025-03-28 17:16:40,271 INFO o.a.j.t.JMeterThread: Thread is done: User Thread Group 1-964
2025-03-28 17:16:40,271 INFO o.a.j.t.JMeterThread: Thread finished: User Thread Group 1-964
2025-03-28 17:16:40,314 INFO o.a.j.t.JMeterThread: Thread is done: User Thread Group 1-965
2025-03-28 17:16:40,314 INFO o.a.j.t.JMeterThread: Thread finished: User Thread Group 1-965
2025-03-28 17:16:40,365 INFO o.a.j.t.JMeterThread: Thread is done: User Thread Group 1-966
2025-03-28 17:16:40,365 INFO o.a.j.t.JMeterThread: Thread finished: User Thread Group 1-966
2025-03-28 17:16:40,420 INFO o.a.j.t.JMeterThread: Thread is done: User Thread Group 1-967
2025-03-28 17:16:40,420 INFO o.a.j.t.JMeterThread: Thread finished: User Thread Group 1-967
2025-03-28 17:16:40,444 INFO o.a.j.t.JMeterThread: Thread is done: User Thread Group 1-968
2025-03-28 17:16:40,444 INFO o.a.j.t.JMeterThread: Thread finished: User Thread Group 1-968
2025-03-28 17:16:40,497 INFO o.a.j.t.JMeterThread: Thread is done: User Thread Group 1-969
2025-03-28 17:16:40,497 INFO o.a.j.t.JMeterThread: Thread finished: User Thread Group 1-969
2025-03-28 17:16:40,537 INFO o.a.j.t.JMeterThread: Thread is done: User Thread Group 1-970
2025-03-28 17:16:40,537 INFO o.a.j.t.JMeterThread: Thread finished: User Thread Group 1-970
2025-03-28 17:16:40,599 INFO o.a.j.t.JMeterThread: Thread is done: User Thread Group 1-971
2025-03-28 17:16:40,600 INFO o.a.j.t.JMeterThread: Thread finished: User Thread Group 1-971
2025-03-28 17:16:40,681 INFO o.a.j.t.JMeterThread: Thread is done: User Thread Group 1-973
2025-03-28 17:16:40,681 INFO o.a.j.t.JMeterThread: Thread finished: User Thread Group 1-973
2025-03-28 17:16:40,685 INFO o.a.j.t.JMeterThread: Thread is done: User Thread Group 1-972
2025-03-28 17:16:40,685 INFO o.a.j.t.JMeterThread: Thread finished: User Thread Group 1-972
2025-03-28 17:16:40,723 INFO o.a.j.t.JMeterThread: Thread is done: User Thread Group 1-974
2025-03-28 17:16:40,723 INFO o.a.j.t.JMeterThread: Thread finished: User Thread Group 1-974
2025-03-28 17:16:40,773 INFO o.a.j.t.JMeterThread: Thread is done: User Thread Group 1-975
2025-03-28 17:16:40,773 INFO o.a.j.t.JMeterThread: Thread finished: User Thread Group 1-975
2025-03-28 17:16:40,805 INFO o.a.j.t.JMeterThread: Thread is done: User Thread Group 1-976
2025-03-28 17:16:40,805 INFO o.a.j.t.JMeterThread: Thread finished: User Thread Group 1-976
2025-03-28 17:16:40,870 INFO o.a.j.t.JMeterThread: Thread is done: User Thread Group 1-977
2025-03-28 17:16:40,870 INFO o.a.j.t.JMeterThread: Thread finished: User Thread Group 1-977
2025-03-28 17:16:40,914 INFO o.a.j.t.JMeterThread: Thread is done: User Thread Group 1-978
2025-03-28 17:16:40,914 INFO o.a.j.t.JMeterThread: Thread finished: User Thread Group 1-978
2025-03-28 17:16:40,941 INFO o.a.j.t.JMeterThread: Thread is done: User Thread Group 1-979
2025-03-28 17:16:40,941 INFO o.a.j.t.JMeterThread: Thread finished: User Thread Group 1-979
2025-03-28 17:16:40,986 INFO o.a.j.t.JMeterThread: Thread is done: User Thread Group 1-980
2025-03-28 17:16:40,986 INFO o.a.j.t.JMeterThread: Thread finished: User Thread Group 1-980
2025-03-28 17:16:41,030 INFO o.a.j.t.JMeterThread: Thread is done: User Thread Group 1-981
2025-03-28 17:16:41,031 INFO o.a.j.t.JMeterThread: Thread finished: User Thread Group 1-981
2025-03-28 17:16:41,083 INFO o.a.j.t.JMeterThread: Thread is done: User Thread Group 1-982
2025-03-28 17:16:41,083 INFO o.a.j.t.JMeterThread: Thread finished: User Thread Group 1-982
2025-03-28 17:16:41,120 INFO o.a.j.t.JMeterThread: Thread is done: User Thread Group 1-983
2025-03-28 17:16:41,120 INFO o.a.j.t.JMeterThread: Thread finished: User Thread Group 1-983
2025-03-28 17:16:41,181 INFO o.a.j.t.JMeterThread: Thread is done: User Thread Group 1-984
2025-03-28 17:16:41,181 INFO o.a.j.t.JMeterThread: Thread finished: User Thread Group 1-984
2025-03-28 17:16:41,206 INFO o.a.j.t.JMeterThread: Thread is done: User Thread Group 1-985
2025-03-28 17:16:41,206 INFO o.a.j.t.JMeterThread: Thread finished: User Thread Group 1-985
2025-03-28 17:16:41,272 INFO o.a.j.t.JMeterThread: Thread is done: User Thread Group 1-986
2025-03-28 17:16:41,272 INFO o.a.j.t.JMeterThread: Thread finished: User Thread Group 1-986
2025-03-28 17:16:41,303 INFO o.a.j.t.JMeterThread: Thread is done: User Thread Group 1-987
2025-03-28 17:16:41,303 INFO o.a.j.t.JMeterThread: Thread finished: User Thread Group 1-987
2025-03-28 17:16:41,366 INFO o.a.j.t.JMeterThread: Thread is done: User Thread Group 1-988
2025-03-28 17:16:41,366 INFO o.a.j.t.JMeterThread: Thread finished: User Thread Group 1-988
2025-03-28 17:16:41,400 INFO o.a.j.t.JMeterThread: Thread is done: User Thread Group 1-989
2025-03-28 17:16:41,400 INFO o.a.j.t.JMeterThread: Thread finished: User Thread Group 1-989
2025-03-28 17:16:41,459 INFO o.a.j.t.JMeterThread: Thread is done: User Thread Group 1-990
2025-03-28 17:16:41,459 INFO o.a.j.t.JMeterThread: Thread finished: User Thread Group 1-990
2025-03-28 17:16:41,472 INFO o.a.j.t.JMeterThread: Thread is done: User Thread Group 1-991
2025-03-28 17:16:41,472 INFO o.a.j.t.JMeterThread: Thread finished: User Thread Group 1-991
2025-03-28 17:16:41,535 INFO o.a.j.t.JMeterThread: Thread is done: User Thread Group 1-992
2025-03-28 17:16:41,536 INFO o.a.j.t.JMeterThread: Thread finished: User Thread Group 1-992
2025-03-28 17:16:41,576 INFO o.a.j.t.JMeterThread: Thread is done: User Thread Group 1-993
2025-03-28 17:16:41,576 INFO o.a.j.t.JMeterThread: Thread finished: User Thread Group 1-993
2025-03-28 17:16:41,622 INFO o.a.j.t.JMeterThread: Thread is done: User Thread Group 1-994
2025-03-28 17:16:41,622 INFO o.a.j.t.JMeterThread: Thread finished: User Thread Group 1-994
2025-03-28 17:16:41,684 INFO o.a.j.t.JMeterThread: Thread is done: User Thread Group 1-995
2025-03-28 17:16:41,684 INFO o.a.j.t.JMeterThread: Thread finished: User Thread Group 1-995
2025-03-28 17:16:41,711 INFO o.a.j.t.JMeterThread: Thread is done: User Thread Group 1-996
2025-03-28 17:16:41,712 INFO o.a.j.t.JMeterThread: Thread finished: User Thread Group 1-996
2025-03-28 17:16:41,776 INFO o.a.j.t.JMeterThread: Thread is done: User Thread Group 1-997
2025-03-28 17:16:41,776 INFO o.a.j.t.JMeterThread: Thread finished: User Thread Group 1-997
2025-03-28 17:16:41,801 INFO o.a.j.t.JMeterThread: Thread is done: User Thread Group 1-998
2025-03-28 17:16:41,801 INFO o.a.j.t.JMeterThread: Thread finished: User Thread Group 1-998
2025-03-28 17:16:41,865 INFO o.a.j.t.JMeterThread: Thread is done: User Thread Group 1-999
2025-03-28 17:16:41,865 INFO o.a.j.t.JMeterThread: Thread finished: User Thread Group 1-999
2025-03-28 17:16:41,893 INFO o.a.j.t.JMeterThread: Thread is done: User Thread Group 1-1000
2025-03-28 17:16:41,893 INFO o.a.j.t.JMeterThread: Thread finished: User Thread Group 1-1000
2025-03-28 17:16:41,893 INFO o.a.j.e.StandardJMeterEngine: Notifying test listeners of end of test
2025-03-28 17:16:41,894 INFO o.a.j.s.FileServer: Close: /home/vthieu/SENG468_Project/TestRun3/UserFiles/UserCreds_1000.csv
2025-03-28 17:16:41,894 INFO o.a.j.s.FileServer: Close: /home/vthieu/SENG468_Project/TestRun3/Config/stockIds.csv
2025-03-28 17:16:41,895 INFO o.a.j.r.Summariser: summary +   1539 in 00:00:12 =  129.5/s Avg:     7 Min:     2 Max:    56 Err:     0 (0.00%) Active: 0 Started: 1000 Finished: 1000
2025-03-28 17:16:41,896 INFO o.a.j.r.Summariser: summary =  10000 in 00:00:56 =  180.0/s Avg:     9 Min:     2 Max:   127 Err:     0 (0.00%)
2025-03-28 17:16:41,897 INFO o.a.j.JMeter: Generating Dashboard
2025-03-28 17:16:41,897 INFO o.a.j.r.d.ReportGenerator: Flushing result collector before report Generation
2025-03-28 17:16:41,919 INFO o.a.j.r.p.NormalizerSampleConsumer: Using format, 'ms', to parse timeStamp field
2025-03-28 17:16:42,555 INFO o.a.j.r.p.AbstractSampleConsumer: class org.apache.jmeter.report.processor.AggregateConsumer#stopProducing(): beginDate produced 0 samples
2025-03-28 17:16:42,555 INFO o.a.j.r.p.AbstractSampleConsumer: class org.apache.jmeter.report.processor.AggregateConsumer#stopProducing(): endDate produced 0 samples
2025-03-28 17:16:42,577 INFO o.a.j.r.p.AbstractSampleConsumer: class org.apache.jmeter.report.processor.ApdexSummaryConsumer#stopProducing(): apdexSummary produced 0 samples
2025-03-28 17:16:42,577 INFO o.a.j.r.p.AbstractSampleConsumer: class org.apache.jmeter.report.processor.RequestsSummaryConsumer#stopProducing(): requestsSummary produced 0 samples
2025-03-28 17:16:42,609 INFO o.a.j.r.p.AbstractSampleConsumer: class org.apache.jmeter.report.processor.StatisticsSummaryConsumer#stopProducing(): statisticsSummary produced 0 samples
2025-03-28 17:16:42,642 INFO o.a.j.r.p.AbstractSampleConsumer: class org.apache.jmeter.report.processor.Top5ErrorsBySamplerConsumer#stopProducing(): top5ErrorsBySampler produced 0 samples
2025-03-28 17:16:42,642 INFO o.a.j.r.p.AbstractSampleConsumer: class org.apache.jmeter.report.processor.ErrorsSummaryConsumer#stopProducing(): errorsSummary produced 0 samples
2025-03-28 17:16:42,642 INFO o.a.j.r.p.AbstractSampleConsumer: class org.apache.jmeter.report.processor.graph.impl.HitsPerSecondGraphConsumer#stopProducing(): hitsPerSecond produced 0 samples
2025-03-28 17:16:42,775 INFO o.a.j.r.p.AbstractSampleConsumer: class org.apache.jmeter.report.processor.graph.impl.LatencyVSRequestGraphConsumer#stopProducing(): latencyVsRequest produced 0 samples
2025-03-28 17:16:42,775 INFO o.a.j.r.p.AbstractSampleConsumer: class org.apache.jmeter.report.processor.graph.impl.SyntheticResponseTimeDistributionGraphConsumer#stopProducing(): syntheticResponseTimeDistribution produced 0 samples
2025-03-28 17:16:42,776 INFO o.a.j.r.p.AbstractSampleConsumer: class org.apache.jmeter.report.processor.graph.impl.BytesThroughputGraphConsumer#stopProducing(): bytesThroughputOverTime produced 0 samples
2025-03-28 17:16:42,776 INFO o.a.j.r.p.AbstractSampleConsumer: class org.apache.jmeter.report.processor.graph.impl.CodesPerSecondGraphConsumer#stopProducing(): codesPerSecond produced 0 samples
2025-03-28 17:16:42,870 INFO o.a.j.r.p.AbstractSampleConsumer: class org.apache.jmeter.report.processor.graph.impl.ResponseTimeVSRequestGraphConsumer#stopProducing(): responseTimeVsRequest produced 0 samples
2025-03-28 17:16:42,871 INFO o.a.j.r.p.AbstractSampleConsumer: class org.apache.jmeter.report.processor.FilterConsumer#stopProducing(): startIntervalControlerFilter produced 70000 samples
2025-03-28 17:16:42,871 INFO o.a.j.r.p.AbstractSampleConsumer: class org.apache.jmeter.report.processor.graph.impl.TotalTPSGraphConsumer#stopProducing(): totalTPS produced 0 samples
2025-03-28 17:16:42,871 INFO o.a.j.r.p.AbstractSampleConsumer: class org.apache.jmeter.report.processor.graph.impl.ActiveThreadsGraphConsumer#stopProducing(): activeThreadsOverTime produced 0 samples
2025-03-28 17:16:42,871 INFO o.a.j.r.p.AbstractSampleConsumer: class org.apache.jmeter.report.processor.graph.impl.TimeVSThreadGraphConsumer#stopProducing(): timeVsThreads produced 0 samples
2025-03-28 17:16:42,873 INFO o.a.j.r.p.AbstractSampleConsumer: class org.apache.jmeter.report.processor.graph.impl.ResponseTimeDistributionGraphConsumer#stopProducing(): responseTimeDistribution produced 0 samples
2025-03-28 17:16:42,873 INFO o.a.j.r.p.AbstractSampleConsumer: class org.apache.jmeter.report.processor.graph.impl.TransactionsPerSecondGraphConsumer#stopProducing(): transactionsPerSecond produced 0 samples
2025-03-28 17:16:42,873 INFO o.a.j.r.p.AbstractSampleConsumer: class org.apache.jmeter.report.processor.graph.impl.ResponseTimePercentilesGraphConsumer#stopProducing(): responseTimePercentiles produced 0 samples
2025-03-28 17:16:42,877 INFO o.a.j.r.p.AbstractSampleConsumer: class org.apache.jmeter.report.processor.graph.impl.ResponseTimePercentilesOverTimeGraphConsumer#stopProducing(): responseTimePercentilesOverTime produced 0 samples
2025-03-28 17:16:42,879 INFO o.a.j.r.p.AbstractSampleConsumer: class org.apache.jmeter.report.processor.graph.impl.ResponseTimeOverTimeGraphConsumer#stopProducing(): responseTimesOverTime produced 0 samples
2025-03-28 17:16:42,879 INFO o.a.j.r.p.AbstractSampleConsumer: class org.apache.jmeter.report.processor.graph.impl.ConnectTimeOverTimeGraphConsumer#stopProducing(): connectTimeOverTime produced 0 samples
2025-03-28 17:16:42,879 INFO o.a.j.r.p.AbstractSampleConsumer: class org.apache.jmeter.report.processor.graph.impl.LatencyOverTimeGraphConsumer#stopProducing(): latenciesOverTime produced 0 samples
2025-03-28 17:16:42,879 INFO o.a.j.r.p.AbstractSampleConsumer: class org.apache.jmeter.report.processor.FilterConsumer#stopProducing(): nameFilter produced 150000 samples
2025-03-28 17:16:42,879 INFO o.a.j.r.p.AbstractSampleConsumer: class org.apache.jmeter.report.processor.FilterConsumer#stopProducing(): dateRangeFilter produced 30000 samples
2025-03-28 17:16:42,879 INFO o.a.j.r.p.AbstractSampleConsumer: class org.apache.jmeter.report.processor.NormalizerSampleConsumer#stopProducing(): normalizer produced 10000 samples
2025-03-28 17:16:42,880 INFO o.a.j.r.p.CsvFileSampleSource: produce(): 10000 samples produced in 917ms on channel 0
2025-03-28 17:16:42,880 INFO o.a.j.r.d.ReportGenerator: Exporting data using exporter:'json' of className:'org.apache.jmeter.report.dashboard.JsonExporter'
2025-03-28 17:16:43,019 INFO o.a.j.r.d.JsonExporter: Found data for consumer statisticsSummary in context
2025-03-28 17:16:43,019 INFO o.a.j.r.d.JsonExporter: Creating statistics for overall
2025-03-28 17:16:43,020 INFO o.a.j.r.d.JsonExporter: Creating statistics for other transactions
2025-03-28 17:16:43,020 INFO o.a.j.r.d.JsonExporter: Checking output folder
2025-03-28 17:16:43,020 INFO o.a.j.r.d.JsonExporter: Writing statistics JSON to /home/vthieu/SENG468_Project/TestRun3/./1k_results/statistics.json
2025-03-28 17:16:43,072 INFO o.a.j.r.d.ReportGenerator: Exporting data using exporter:'html' of className:'org.apache.jmeter.report.dashboard.HtmlTemplateExporter'
2025-03-28 17:16:43,074 INFO o.a.j.r.d.HtmlTemplateExporter: Will generate dashboard in folder: /home/vthieu/SENG468_Project/TestRun3/./1k_results
2025-03-28 17:16:43,425 INFO o.a.j.r.d.HtmlTemplateExporter: Report will be generated in: /home/vthieu/SENG468_Project/TestRun3/./1k_results, creating folder structure
2025-03-28 17:16:43,447 INFO o.a.j.r.d.TemplateVisitor: Copying folder from '/opt/apache-jmeter-5.6.3/bin/report-template' to '/home/vthieu/SENG468_Project/TestRun3/./1k_results', got message: /home/vthieu/SENG468_Project/TestRun3/./1k_results, found non empty folder with following content [/home/vthieu/SENG468_Project/TestRun3/./1k_results/statistics.json], will be ignored
2025-03-28 17:16:44,064 INFO o.a.j.JMeter: Dashboard generated
