{
  "14 Register Request" : {
    "transaction" : "14 Register Request",
    "sampleCount" : 10000,
    "errorCount" : 10000,
    "errorPct" : 100.0,
    "meanResTime" : 9.866500000000007,
    "medianResTime" : 0.0,
    "minResTime" : 0.0,
    "maxResTime" : 428.0,
    "pct1ResTime" : 1.0,
    "pct2ResTime" : 3.0,
    "pct3ResTime" : 321.97999999999956,
    "throughput" : 1024.2753252074158,
    "receivedKBytesPerSec" : 2555.686968657175,
    "sentKBytesPerSec" : 0.0
  },
  "Total" : {
    "transaction" : "Total",
    "sampleCount" : 10000,
    "errorCount" : 10000,
    "errorPct" : 100.0,
    "meanResTime" : 9.866500000000007,
    "medianResTime" : 0.0,
    "minResTime" : 0.0,
    "maxResTime" : 428.0,
    "pct1ResTime" : 1.0,
    "pct2ResTime" : 3.0,
    "pct3ResTime" : 321.97999999999956,
    "throughput" : 1024.2753252074158,
    "receivedKBytesPerSec" : 2555.686968657175,
    "sentKBytesPerSec" : 0.0
  }
}