{
  "23 Get Stock Portfolio Request" : {
    "transaction" : "23 Get Stock Portfolio Request",
    "sampleCount" : 10000,
    "errorCount" : 738,
    "errorPct" : 7.38,
    "meanResTime" : 5433.143600000028,
    "medianResTime" : 4479.0,
    "minResTime" : 2.0,
    "maxResTime" : 69816.0,
    "pct1ResTime" : 9796.599999999999,
    "pct2ResTime" : 12208.0,
    "pct3ResTime" : 25982.359999999986,
    "throughput" : 98.22410812509823,
    "receivedKBytesPerSec" : 36.56574676719904,
    "sentKBytesPerSec" : 38.848402139321074
  },
  "16 Get Stock Prices Request" : {
    "transaction" : "16 Get Stock Prices Request",
    "sampleCount" : 10000,
    "errorCount" : 0,
    "errorPct" : 0.0,
    "meanResTime" : 12288.28009999999,
    "medianResTime" : 8810.0,
    "minResTime" : 15.0,
    "maxResTime" : 72317.0,
    "pct1ResTime" : 20603.79999999997,
    "pct2ResTime" : 43019.95,
    "pct3ResTime" : 64263.12999999998,
    "throughput" : 91.9777046044039,
    "receivedKBytesPerSec" : 43.02472705616159,
    "sentKBytesPerSec" : 36.10843481540075
  },
  "14 Register Request" : {
    "transaction" : "14 Register Request",
    "sampleCount" : 10000,
    "errorCount" : 0,
    "errorPct" : 0.0,
    "meanResTime" : 5838.9931000000215,
    "medianResTime" : 4997.0,
    "minResTime" : 10.0,
    "maxResTime" : 29771.0,
    "pct1ResTime" : 12528.099999999997,
    "pct2ResTime" : 15703.599999999991,
    "pct3ResTime" : 19287.949999999997,
    "throughput" : 180.2321389950256,
    "receivedKBytesPerSec" : 50.51428114411362,
    "sentKBytesPerSec" : 47.293159683422246
  },
  "19 Place Stock Order Request" : {
    "transaction" : "19 Place Stock Order Request",
    "sampleCount" : 10000,
    "errorCount" : 0,
    "errorPct" : 0.0,
    "meanResTime" : 1464.8436000000006,
    "medianResTime" : 672.5,
    "minResTime" : 4.0,
    "maxResTime" : 8640.0,
    "pct1ResTime" : 4045.0,
    "pct2ResTime" : 5239.899999999998,
    "pct3ResTime" : 6745.99,
    "throughput" : 90.13556388808769,
    "receivedKBytesPerSec" : 74.46746782160369,
    "sentKBytesPerSec" : 47.35638024588982
  },
  "Total" : {
    "transaction" : "Total",
    "sampleCount" : 100000,
    "errorCount" : 8114,
    "errorPct" : 8.114,
    "meanResTime" : 7454.74044999991,
    "medianResTime" : 3117.5,
    "minResTime" : 2.0,
    "maxResTime" : 73703.0,
    "pct1ResTime" : 13738.500000000051,
    "pct2ResTime" : 60075.75,
    "pct3ResTime" : 64760.98,
    "throughput" : 844.7729672650474,
    "receivedKBytesPerSec" : 378.1723369852165,
    "sentKBytesPerSec" : 323.5298145459345
  },
  "20 Get Stock Transactions Request" : {
    "transaction" : "20 Get Stock Transactions Request",
    "sampleCount" : 10000,
    "errorCount" : 3196,
    "errorPct" : 31.96,
    "meanResTime" : 8442.07219999997,
    "medianResTime" : 7306.5,
    "minResTime" : 2.0,
    "maxResTime" : 69298.0,
    "pct1ResTime" : 13165.8,
    "pct2ResTime" : 16651.249999999985,
    "pct3ResTime" : 58156.08999999996,
    "throughput" : 90.66840750009067,
    "receivedKBytesPerSec" : 62.491854010263665,
    "sentKBytesPerSec" : 36.125693613317374
  },
  "17 Add Money Request" : {
    "transaction" : "17 Add Money Request",
    "sampleCount" : 10000,
    "errorCount" : 15,
    "errorPct" : 0.15,
    "meanResTime" : 10951.45939999999,
    "medianResTime" : 7902.0,
    "minResTime" : 12.0,
    "maxResTime" : 73703.0,
    "pct1ResTime" : 17166.5,
    "pct2ResTime" : 37470.49999999977,
    "pct3ResTime" : 63522.73999999999,
    "throughput" : 90.17539113575906,
    "receivedKBytesPerSec" : 25.89482343940214,
    "sentKBytesPerSec" : 38.83530028405249
  },
  "18 Get Wallet Balance Request" : {
    "transaction" : "18 Get Wallet Balance Request",
    "sampleCount" : 10000,
    "errorCount" : 10,
    "errorPct" : 0.1,
    "meanResTime" : 9869.563999999993,
    "medianResTime" : 7659.5,
    "minResTime" : 3.0,
    "maxResTime" : 68361.0,
    "pct1ResTime" : 15355.999999999996,
    "pct2ResTime" : 25165.249999999964,
    "pct3ResTime" : 62686.88,
    "throughput" : 89.6571510543681,
    "receivedKBytesPerSec" : 27.05439555390188,
    "sentKBytesPerSec" : 35.37254787691866
  },
  "22 Get Wallet Balance Request" : {
    "transaction" : "22 Get Wallet Balance Request",
    "sampleCount" : 10000,
    "errorCount" : 959,
    "errorPct" : 9.59,
    "meanResTime" : 6615.635099999987,
    "medianResTime" : 5579.0,
    "minResTime" : 2.0,
    "maxResTime" : 71687.0,
    "pct1ResTime" : 11414.699999999999,
    "pct2ResTime" : 14490.649999999992,
    "pct3ResTime" : 32471.819999999996,
    "throughput" : 94.10436173716651,
    "receivedKBytesPerSec" : 28.31342009069308,
    "sentKBytesPerSec" : 37.127111466616476
  },
  "15 Login Request" : {
    "transaction" : "15 Login Request",
    "sampleCount" : 10000,
    "errorCount" : 0,
    "errorPct" : 0.0,
    "meanResTime" : 6041.253700000033,
    "medianResTime" : 5391.5,
    "minResTime" : 8.0,
    "maxResTime" : 23702.0,
    "pct1ResTime" : 12363.9,
    "pct2ResTime" : 15393.0,
    "pct3ResTime" : 18259.57999999999,
    "throughput" : 181.3433918468011,
    "receivedKBytesPerSec" : 92.44262748440447,
    "sentKBytesPerSec" : 42.85654377629479
  },
  "21 Get Wallet Transactions Request" : {
    "transaction" : "21 Get Wallet Transactions Request",
    "sampleCount" : 10000,
    "errorCount" : 3196,
    "errorPct" : 31.96,
    "meanResTime" : 7602.159700000001,
    "medianResTime" : 6803.5,
    "minResTime" : 2.0,
    "maxResTime" : 69170.0,
    "pct1ResTime" : 12395.299999999997,
    "pct2ResTime" : 15868.399999999987,
    "pct3ResTime" : 37708.96999999998,
    "throughput" : 91.56251430664287,
    "receivedKBytesPerSec" : 40.4101857574509,
    "sentKBytesPerSec" : 36.571355811930594
  }
}