{
  "23 Get Stock Portfolio Request" : {
    "transaction" : "23 Get Stock Portfolio Request",
    "sampleCount" : 5000,
    "errorCount" : 143,
    "errorPct" : 2.86,
    "meanResTime" : 2719.565600000003,
    "medianResTime" : 1443.0,
    "minResTime" : 2.0,
    "maxResTime" : 35912.0,
    "pct1ResTime" : 6959.800000000001,
    "pct2ResTime" : 8090.499999999998,
    "pct3ResTime" : 12098.879999999976,
    "throughput" : 81.43455105132006,
    "receivedKBytesPerSec" : 30.54916980020033,
    "sentKBytesPerSec" : 32.20800114822717
  },
  "16 Get Stock Prices Request" : {
    "transaction" : "16 Get Stock Prices Request",
    "sampleCount" : 5000,
    "errorCount" : 0,
    "errorPct" : 0.0,
    "meanResTime" : 4828.544599999997,
    "medianResTime" : 5059.5,
    "minResTime" : 25.0,
    "maxResTime" : 29362.0,
    "pct1ResTime" : 7836.900000000001,
    "pct2ResTime" : 8435.849999999999,
    "pct3ResTime" : 10166.779999999995,
    "throughput" : 89.7778895013736,
    "receivedKBytesPerSec" : 41.995711983552695,
    "sentKBytesPerSec" : 35.244835526906435
  },
  "14 Register Request" : {
    "transaction" : "14 Register Request",
    "sampleCount" : 5000,
    "errorCount" : 0,
    "errorPct" : 0.0,
    "meanResTime" : 4356.853600000001,
    "medianResTime" : 4521.0,
    "minResTime" : 3.0,
    "maxResTime" : 13795.0,
    "pct1ResTime" : 8462.800000000001,
    "pct2ResTime" : 9600.95,
    "pct3ResTime" : 11198.639999999992,
    "throughput" : 191.5341888527102,
    "receivedKBytesPerSec" : 53.68194550852327,
    "sentKBytesPerSec" : 50.263396918693736
  },
  "19 Place Stock Order Request" : {
    "transaction" : "19 Place Stock Order Request",
    "sampleCount" : 5000,
    "errorCount" : 0,
    "errorPct" : 0.0,
    "meanResTime" : 862.9081999999984,
    "medianResTime" : 543.5,
    "minResTime" : 5.0,
    "maxResTime" : 7151.0,
    "pct1ResTime" : 2133.0,
    "pct2ResTime" : 2689.7999999999993,
    "pct3ResTime" : 4918.759999999995,
    "throughput" : 69.69612489545582,
    "receivedKBytesPerSec" : 57.58097818511291,
    "sentKBytesPerSec" : 36.61769061890159
  },
  "Total" : {
    "transaction" : "Total",
    "sampleCount" : 50000,
    "errorCount" : 4441,
    "errorPct" : 8.882,
    "meanResTime" : 4162.427240000001,
    "medianResTime" : 2664.0,
    "minResTime" : 2.0,
    "maxResTime" : 36977.0,
    "pct1ResTime" : 8452.400000000009,
    "pct2ResTime" : 10502.900000000001,
    "pct3ResTime" : 16886.470000000085,
    "throughput" : 644.0477110544349,
    "receivedKBytesPerSec" : 285.74438380332714,
    "sentKBytesPerSec" : 246.6579081209586
  },
  "20 Get Stock Transactions Request" : {
    "transaction" : "20 Get Stock Transactions Request",
    "sampleCount" : 5000,
    "errorCount" : 1995,
    "errorPct" : 39.9,
    "meanResTime" : 5161.279599999968,
    "medianResTime" : 5266.0,
    "minResTime" : 3.0,
    "maxResTime" : 35790.0,
    "pct1ResTime" : 8597.0,
    "pct2ResTime" : 9954.599999999995,
    "pct3ResTime" : 14249.839999999975,
    "throughput" : 69.82265046781175,
    "receivedKBytesPerSec" : 45.18984669564307,
    "sentKBytesPerSec" : 27.819962295768747
  },
  "17 Add Money Request" : {
    "transaction" : "17 Add Money Request",
    "sampleCount" : 5000,
    "errorCount" : 0,
    "errorPct" : 0.0,
    "meanResTime" : 5425.893200000008,
    "medianResTime" : 5411.5,
    "minResTime" : 17.0,
    "maxResTime" : 36162.0,
    "pct1ResTime" : 8467.7,
    "pct2ResTime" : 10402.449999999997,
    "pct3ResTime" : 16510.439999999922,
    "throughput" : 69.90269544793647,
    "receivedKBytesPerSec" : 20.069719200872385,
    "sentKBytesPerSec" : 30.104578801308577
  },
  "18 Get Wallet Balance Request" : {
    "transaction" : "18 Get Wallet Balance Request",
    "sampleCount" : 5000,
    "errorCount" : 0,
    "errorPct" : 0.0,
    "meanResTime" : 5555.230000000021,
    "medianResTime" : 5487.0,
    "minResTime" : 2.0,
    "maxResTime" : 36977.0,
    "pct1ResTime" : 8822.500000000004,
    "pct2ResTime" : 10595.95,
    "pct3ResTime" : 18032.699999999884,
    "throughput" : 69.10659000442281,
    "receivedKBytesPerSec" : 20.853453429068995,
    "sentKBytesPerSec" : 27.26470933768244
  },
  "22 Get Wallet Balance Request" : {
    "transaction" : "22 Get Wallet Balance Request",
    "sampleCount" : 5000,
    "errorCount" : 308,
    "errorPct" : 6.16,
    "meanResTime" : 3461.884000000009,
    "medianResTime" : 2876.5,
    "minResTime" : 2.0,
    "maxResTime" : 35815.0,
    "pct1ResTime" : 7467.700000000002,
    "pct2ResTime" : 8801.499999999998,
    "pct3ResTime" : 11763.849999999997,
    "throughput" : 73.40419284749545,
    "receivedKBytesPerSec" : 22.083020600886723,
    "sentKBytesPerSec" : 28.96024795936344
  },
  "15 Login Request" : {
    "transaction" : "15 Login Request",
    "sampleCount" : 5000,
    "errorCount" : 0,
    "errorPct" : 0.0,
    "meanResTime" : 4807.385400000001,
    "medianResTime" : 4859.0,
    "minResTime" : 8.0,
    "maxResTime" : 12615.0,
    "pct1ResTime" : 8976.900000000001,
    "pct2ResTime" : 9642.849999999999,
    "pct3ResTime" : 10703.929999999998,
    "throughput" : 172.16445148405757,
    "receivedKBytesPerSec" : 87.76351921355278,
    "sentKBytesPerSec" : 40.68730201088079
  },
  "21 Get Wallet Transactions Request" : {
    "transaction" : "21 Get Wallet Transactions Request",
    "sampleCount" : 5000,
    "errorCount" : 1995,
    "errorPct" : 39.9,
    "meanResTime" : 4444.728199999995,
    "medianResTime" : 4237.5,
    "minResTime" : 2.0,
    "maxResTime" : 35732.0,
    "pct1ResTime" : 8155.700000000002,
    "pct2ResTime" : 9603.849999999995,
    "pct3ResTime" : 14451.149999999981,
    "throughput" : 71.18957784580337,
    "receivedKBytesPerSec" : 31.370132412614794,
    "sentKBytesPerSec" : 28.434118495052324
  }
}